[17:56:05] [ServerMain/INFO]: [bootstrap] Running Java 21 (OpenJDK 64-Bit Server VM 21.0.9+10-Ubuntu-124.04; Ubuntu null) on Linux 6.8.0-1044-azure (amd64)
[17:56:05] [ServerMain/INFO]: [bootstrap] Loading Paper 1.21.1-57-master@b483da4 (2024-09-01T18:09:05Z) for Minecraft 1.21.1
[17:56:06] [ServerMain/INFO]: [PluginInitializerManager] Initializing plugins...
[17:56:16] [ServerMain/INFO]: [PluginInitializerManager] Initialized 43 plugins
[17:56:16] [ServerMain/INFO]: [PluginInitializerManager] Paper plugins (1):
 - EconomyShopGUI (6.9.1)
[17:56:16] [ServerMain/INFO]: [PluginInitializerManager] Bukkit plugins (42):
 - AnimatedScoreboard (0.3.5), CMILib (1.5.2.3), ChatManager (4.0.2), Chunky (1.4.28), ConditionalEvents (4.57.5), ConsoleSpamFix (1.10.0), Craftorithm (1.10.22-20251003), DecentHolograms (2.9.8), DeluxeMenus (1.14.1-Release), Essentials (2.21.0-dev+149-424816e), EssentialsChat (2.21.0-dev+149-424816e), EssentialsSpawn (2.21.0-dev+149-424816e), ItemsAdder (4.0.15), Jobs (5.2.4.5), LightTheNight (1.0.1), LoneLibs (1.0.63), LuckPerms (5.4.131), MCPets (4.1.5-SNAPSHOT), ModelEngine (R4.0.7), Multiverse-Core (4.3.14), MyCommand (5.7.4), MythicCrucible (2.2.0-SNAPSHOT), MythicLib (1.7), MythicMobs (5.10.0-${CI_COMMIT_SHORT_SHA}), Orebfuscator (5.5.1), PlaceholderAPI (2.11.6), ProtocolLib (5.4.0), PvPManager (4.0.7), Quests (3.15.2-b216e2b), SepareWorldItems (1.2.21), ShopGUIPlus (1.101.1), Shopkeepers (2.24.0), SkinsRestorer (15.10.0), TAB (5.0.3), Vault (1.7.3-b131), WorldEdit (7.3.9+6959-7adf70b), WorldGuard (7.0.12+829a4a4), WorldGuardEvents (1.18.1), XConomy (2.26.3), ajLeaderboards (2.10.1), nAntiBot (2.0.5), nLogin (10.4.27)
[17:56:21] [ServerMain/INFO]: Environment: Environment[sessionHost=https://sessionserver.mojang.com, servicesHost=https://api.minecraftservices.com, name=PROD]
[17:56:23] [ServerMain/INFO]: Loaded 1290 recipes
[17:56:24] [ServerMain/INFO]: Loaded 1399 advancements
[17:56:24] [Server thread/INFO]: Starting minecraft server version 1.21.1
[17:56:24] [Server thread/INFO]: Loading properties
[17:56:24] [Server thread/INFO]: This server is running Paper version 1.21.1-57-master@b483da4 (2024-09-01T18:09:05Z) (Implementing API version 1.21.1-R0.1-SNAPSHOT)
[17:56:25] [Server thread/INFO]: [spark] This server bundles the spark profiler. For more information please visit https://docs.papermc.io/paper/profiling
[17:56:25] [Server thread/INFO]: Server Ping Player Sample Count: 12
[17:56:25] [Server thread/INFO]: Using 4 threads for Netty based IO
[17:56:26] [Server thread/INFO]: [ChunkTaskScheduler] Chunk system is using 1 I/O threads, 1 worker threads, and population gen parallelism of 1 threads
[17:56:26] [Server thread/INFO]: Default game type: SURVIVAL
[17:56:26] [Server thread/INFO]: Generating keypair
[17:56:26] [Server thread/INFO]: Starting Minecraft server on *:25565
[17:56:26] [Server thread/INFO]: Using epoll channel type
[17:56:26] [Server thread/INFO]: Paper: Using libdeflate (Linux x86_64) compression from Velocity.
[17:56:26] [Server thread/INFO]: Paper: Using OpenSSL 3.0.x (Linux x86_64) cipher from Velocity.
[17:56:27] [Server thread/INFO]: [SpigotLibraryLoader] [MythicMobs] Loading 4 libraries... please wait
[17:56:27] [Server thread/INFO]: [SpigotLibraryLoader] [MythicMobs] Loaded library /workspaces/TestServer/servidor_minecraft/libraries/net/kyori/adventure-api/4.16.0/adventure-api-4.16.0.jar
[17:56:27] [Server thread/INFO]: [SpigotLibraryLoader] [MythicMobs] Loaded library /workspaces/TestServer/servidor_minecraft/libraries/net/kyori/adventure-key/4.16.0/adventure-key-4.16.0.jar
[17:56:27] [Server thread/INFO]: [SpigotLibraryLoader] [MythicMobs] Loaded library /workspaces/TestServer/servidor_minecraft/libraries/net/kyori/examination-api/1.3.0/examination-api-1.3.0.jar
[17:56:27] [Server thread/INFO]: [SpigotLibraryLoader] [MythicMobs] Loaded library /workspaces/TestServer/servidor_minecraft/libraries/net/kyori/examination-string/1.3.0/examination-string-1.3.0.jar
[17:56:27] [Server thread/INFO]: [SpigotLibraryLoader] [MythicMobs] Loaded library /workspaces/TestServer/servidor_minecraft/libraries/org/jetbrains/annotations/24.1.0/annotations-24.1.0.jar
[17:56:27] [Server thread/INFO]: [SpigotLibraryLoader] [MythicMobs] Loaded library /workspaces/TestServer/servidor_minecraft/libraries/net/kyori/adventure-platform-bukkit/4.3.2/adventure-platform-bukkit-4.3.2.jar
[17:56:27] [Server thread/INFO]: [SpigotLibraryLoader] [MythicMobs] Loaded library /workspaces/TestServer/servidor_minecraft/libraries/net/kyori/adventure-platform-api/4.3.2/adventure-platform-api-4.3.2.jar
[17:56:27] [Server thread/INFO]: [SpigotLibraryLoader] [MythicMobs] Loaded library /workspaces/TestServer/servidor_minecraft/libraries/net/kyori/adventure-text-serializer-bungeecord/4.3.2/adventure-text-serializer-bungeecord-4.3.2.jar
[17:56:27] [Server thread/INFO]: [SpigotLibraryLoader] [MythicMobs] Loaded library /workspaces/TestServer/servidor_minecraft/libraries/net/kyori/adventure-text-serializer-legacy/4.13.1/adventure-text-serializer-legacy-4.13.1.jar
[17:56:27] [Server thread/INFO]: [SpigotLibraryLoader] [MythicMobs] Loaded library /workspaces/TestServer/servidor_minecraft/libraries/net/kyori/adventure-nbt/4.13.1/adventure-nbt-4.13.1.jar
[17:56:27] [Server thread/INFO]: [SpigotLibraryLoader] [MythicMobs] Loaded library /workspaces/TestServer/servidor_minecraft/libraries/net/kyori/adventure-text-serializer-gson-legacy-impl/4.13.1/adventure-text-serializer-gson-legacy-impl-4.13.1.jar
[17:56:27] [Server thread/INFO]: [SpigotLibraryLoader] [MythicMobs] Loaded library /workspaces/TestServer/servidor_minecraft/libraries/net/kyori/adventure-platform-facet/4.3.2/adventure-platform-facet-4.3.2.jar
[17:56:27] [Server thread/INFO]: [SpigotLibraryLoader] [MythicMobs] Loaded library /workspaces/TestServer/servidor_minecraft/libraries/net/kyori/adventure-platform-viaversion/4.3.2/adventure-platform-viaversion-4.3.2.jar
[17:56:27] [Server thread/INFO]: [SpigotLibraryLoader] [MythicMobs] Loaded library /workspaces/TestServer/servidor_minecraft/libraries/net/kyori/adventure-text-minimessage/4.16.0/adventure-text-minimessage-4.16.0.jar
[17:56:27] [Server thread/INFO]: [SpigotLibraryLoader] [MythicMobs] Loaded library /workspaces/TestServer/servidor_minecraft/libraries/net/kyori/adventure-text-serializer-gson/4.16.0/adventure-text-serializer-gson-4.16.0.jar
[17:56:27] [Server thread/INFO]: [SpigotLibraryLoader] [MythicMobs] Loaded library /workspaces/TestServer/servidor_minecraft/libraries/net/kyori/adventure-text-serializer-json/4.16.0/adventure-text-serializer-json-4.16.0.jar
[17:56:27] [Server thread/INFO]: [SpigotLibraryLoader] [MythicMobs] Loaded library /workspaces/TestServer/servidor_minecraft/libraries/net/kyori/option/1.0.0/option-1.0.0.jar
[17:56:27] [Server thread/INFO]: [SpigotLibraryLoader] [MythicMobs] Loaded library /workspaces/TestServer/servidor_minecraft/libraries/com/google/code/gson/gson/2.8.0/gson-2.8.0.jar
[17:56:28] [Server thread/INFO]: [SpigotLibraryLoader] [ModelEngine] Loading 3 libraries... please wait
[17:56:28] [Server thread/INFO]: [SpigotLibraryLoader] [ModelEngine] Loaded library /workspaces/TestServer/servidor_minecraft/libraries/net/kyori/adventure-api/4.14.0/adventure-api-4.14.0.jar
[17:56:28] [Server thread/INFO]: [SpigotLibraryLoader] [ModelEngine] Loaded library /workspaces/TestServer/servidor_minecraft/libraries/net/kyori/adventure-key/4.14.0/adventure-key-4.14.0.jar
[17:56:28] [Server thread/INFO]: [SpigotLibraryLoader] [ModelEngine] Loaded library /workspaces/TestServer/servidor_minecraft/libraries/net/kyori/examination-api/1.3.0/examination-api-1.3.0.jar
[17:56:28] [Server thread/INFO]: [SpigotLibraryLoader] [ModelEngine] Loaded library /workspaces/TestServer/servidor_minecraft/libraries/net/kyori/examination-string/1.3.0/examination-string-1.3.0.jar
[17:56:28] [Server thread/INFO]: [SpigotLibraryLoader] [ModelEngine] Loaded library /workspaces/TestServer/servidor_minecraft/libraries/org/jetbrains/annotations/24.0.1/annotations-24.0.1.jar
[17:56:28] [Server thread/INFO]: [SpigotLibraryLoader] [ModelEngine] Loaded library /workspaces/TestServer/servidor_minecraft/libraries/net/kyori/adventure-text-serializer-gson/4.14.0/adventure-text-serializer-gson-4.14.0.jar
[17:56:28] [Server thread/INFO]: [SpigotLibraryLoader] [ModelEngine] Loaded library /workspaces/TestServer/servidor_minecraft/libraries/net/kyori/adventure-text-serializer-json/4.14.0/adventure-text-serializer-json-4.14.0.jar
[17:56:28] [Server thread/INFO]: [SpigotLibraryLoader] [ModelEngine] Loaded library /workspaces/TestServer/servidor_minecraft/libraries/com/google/code/gson/gson/2.8.0/gson-2.8.0.jar
[17:56:28] [Server thread/INFO]: [SpigotLibraryLoader] [ModelEngine] Loaded library /workspaces/TestServer/servidor_minecraft/libraries/net/kyori/adventure-text-serializer-bungeecord/4.3.0/adventure-text-serializer-bungeecord-4.3.0.jar
[17:56:28] [Server thread/INFO]: [SpigotLibraryLoader] [ModelEngine] Loaded library /workspaces/TestServer/servidor_minecraft/libraries/net/kyori/adventure-text-serializer-legacy/4.13.0/adventure-text-serializer-legacy-4.13.0.jar
[17:56:28] [Server thread/INFO]: [SpigotLibraryLoader] [XConomy] Loading 1 libraries... please wait
[17:56:28] [Server thread/INFO]: [SpigotLibraryLoader] [XConomy] Loaded library /workspaces/TestServer/servidor_minecraft/libraries/redis/clients/jedis/4.3.1/jedis-4.3.1.jar
[17:56:28] [Server thread/INFO]: [SpigotLibraryLoader] [XConomy] Loaded library /workspaces/TestServer/servidor_minecraft/libraries/org/slf4j/slf4j-api/1.7.36/slf4j-api-1.7.36.jar
[17:56:28] [Server thread/INFO]: [SpigotLibraryLoader] [XConomy] Loaded library /workspaces/TestServer/servidor_minecraft/libraries/org/apache/commons/commons-pool2/2.11.1/commons-pool2-2.11.1.jar
[17:56:28] [Server thread/INFO]: [SpigotLibraryLoader] [XConomy] Loaded library /workspaces/TestServer/servidor_minecraft/libraries/org/json/json/20220320/json-20220320.jar
[17:56:28] [Server thread/INFO]: [SpigotLibraryLoader] [XConomy] Loaded library /workspaces/TestServer/servidor_minecraft/libraries/com/google/code/gson/gson/2.8.9/gson-2.8.9.jar
[17:56:32] [Server thread/INFO]: [SpigotLibraryLoader] [PvPManager] Loading 2 libraries... please wait
[17:56:32] [Server thread/INFO]: [SpigotLibraryLoader] [PvPManager] Loaded library /workspaces/TestServer/servidor_minecraft/libraries/com/zaxxer/HikariCP/5.1.0/HikariCP-5.1.0.jar
[17:56:32] [Server thread/INFO]: [SpigotLibraryLoader] [PvPManager] Loaded library /workspaces/TestServer/servidor_minecraft/libraries/org/slf4j/slf4j-api/2.0.13/slf4j-api-2.0.13.jar
[17:56:32] [Server thread/INFO]: [SpigotLibraryLoader] [LoneLibs] Loading 1 libraries... please wait
[17:56:32] [Server thread/INFO]: [SpigotLibraryLoader] [LoneLibs] Loaded library /workspaces/TestServer/servidor_minecraft/libraries/org/fusesource/jansi/jansi/2.4.1/jansi-2.4.1.jar
[17:56:32] [Server thread/INFO]: [LuckPerms] Loading server plugin LuckPerms v5.4.131
[17:56:33] [Server thread/INFO]: [Vault] Loading server plugin Vault v1.7.3-b131
[17:56:33] [Server thread/INFO]: [WorldEdit] Loading server plugin WorldEdit v7.3.9+6959-7adf70b
[17:56:35] [Server thread/INFO]: Got request to register class com.sk89q.worldedit.bukkit.BukkitServerInterface with WorldEdit [com.sk89q.worldedit.extension.platform.PlatformManager@5ebb20b4]
[17:56:35] [Server thread/INFO]: [WorldGuard] Loading server plugin WorldGuard v7.0.12+829a4a4
[17:56:35] [Server thread/INFO]: [Multiverse-Core] Loading server plugin Multiverse-Core v4.3.14
[17:56:35] [Server thread/INFO]: [PlaceholderAPI] Loading server plugin PlaceholderAPI v2.11.6
[17:56:35] [Server thread/INFO]: [MythicMobs] Loading server plugin MythicMobs v5.10.0-${CI_COMMIT_SHORT_SHA}
[17:56:35] [Server thread/INFO]: [LumineUtils] (io.lumine.mythic.bukkit.utils.) is bound to plugin MythicMobs - io.lumine.mythic.bukkit.MythicBukkit
[17:56:35] [Server thread/INFO]: [MythicMobs] §x§f§f§0§0§0§0M§x§f§f§6§6§0§0y§x§f§f§c§c§0§0t§x§c§b§f§f§0§0h§x§6§5§f§f§0§0i§x§0§0§f§f§0§0c§x§0§0§f§f§6§6 §x§0§0§f§f§c§bE§x§0§0§c§b§f§fn§x§0§0§6§5§f§fa§x§0§0§0§0§f§fb§x§6§6§0§0§f§fl§x§c§c§0§0§f§fe§x§f§f§0§0§c§cd§x§f§f§0§0§6§6!
[17:56:35] [Server thread/INFO]: [ProtocolLib] Loading server plugin ProtocolLib v5.4.0
[17:56:36] [Server thread/INFO]: [Essentials] Loading server plugin Essentials v2.21.0-dev+149-424816e
[17:56:36] [Server thread/INFO]: [ModelEngine] Loading server plugin ModelEngine vR4.0.7
[17:56:36] [Server thread/INFO]: [Orebfuscator] Loading server plugin Orebfuscator v5.5.1
[17:56:36] [Server thread/INFO]: [ItemsAdder] Loading server plugin ItemsAdder v4.0.15
[17:56:36] [Server thread/INFO]: [ItemsAdder] Loading library FastNbt-jar (remapped)...
[17:56:36] [Server thread/INFO]: [ItemsAdder] Loading library httpmime...
[17:56:36] [Server thread/INFO]: [ItemsAdder] Loading library httpclient
[17:56:36] [Server thread/INFO]: [ItemsAdder] Loading library httpcore
[17:56:36] [Server thread/INFO]: [ItemsAdder] Loading library commons-logging
[17:56:36] [Server thread/INFO]: [ItemsAdder] Loading library commons-codec
[17:56:36] [Server thread/INFO]: [ItemsAdder] Loading library commons-math3...
[17:56:36] [Server thread/INFO]: [ItemsAdder] Loading library speedy-math...
[17:56:36] [Server thread/INFO]: [ItemsAdder] Loading library jansi...
[17:56:36] [Server thread/INFO]: [ItemsAdder] Loading library fastjson...
[17:56:36] [Server thread/INFO]: [ItemsAdder] Loading library fastjson2-extension
[17:56:36] [Server thread/INFO]: [ItemsAdder] Loading library fastjson2
[17:56:36] [Server thread/INFO]: [ItemsAdder] Loading library json-path...
[17:56:36] [Server thread/INFO]: [ItemsAdder] Loading library json-smart
[17:56:36] [Server thread/INFO]: [ItemsAdder] Loading library accessors-smart
[17:56:36] [Server thread/INFO]: [ItemsAdder] Loading library asm
[17:56:36] [Server thread/INFO]: [ItemsAdder] Loading library slf4j-api
[17:56:36] [Server thread/INFO]: [ItemsAdder] Loading library armor-equip-event...
[17:56:36] [Server thread/INFO]: [ItemsAdder] Loading library glowingentities...
[17:56:36] [Server thread/INFO]: [ItemsAdder] Loading library reflection-remapper
[17:56:36] [Server thread/INFO]: [ItemsAdder] Loading library adventure-api...
[17:56:37] [Server thread/INFO]: [ItemsAdder] Loading library adventure-key
[17:56:37] [Server thread/INFO]: [ItemsAdder] Loading library examination-api
[17:56:37] [Server thread/INFO]: [ItemsAdder] Loading library examination-string
[17:56:37] [Server thread/INFO]: [ItemsAdder] Loading library annotations
[17:56:37] [Server thread/INFO]: [ItemsAdder] Loading library adventure-text-minimessage...
[17:56:37] [Server thread/INFO]: [ItemsAdder] Loading library adventure-api
[17:56:37] [Server thread/INFO]: [ItemsAdder] Loading library adventure-key
[17:56:37] [Server thread/INFO]: [ItemsAdder] Loading library examination-api
[17:56:37] [Server thread/INFO]: [ItemsAdder] Loading library examination-string
[17:56:37] [Server thread/INFO]: [ItemsAdder] Loading library annotations
[17:56:37] [Server thread/INFO]: [ItemsAdder] Loading library adventure-text-serializer-gson...
[17:56:37] [Server thread/INFO]: [ItemsAdder] Loading library adventure-text-serializer-json
[17:56:37] [Server thread/INFO]: [ItemsAdder] Loading library adventure-api
[17:56:37] [Server thread/INFO]: [ItemsAdder] Loading library adventure-key
[17:56:37] [Server thread/INFO]: [ItemsAdder] Loading library examination-api
[17:56:37] [Server thread/INFO]: [ItemsAdder] Loading library examination-string
[17:56:37] [Server thread/INFO]: [ItemsAdder] Loading library option
[17:56:37] [Server thread/INFO]: [ItemsAdder] Loading library jspecify
[17:56:37] [Server thread/INFO]: [ItemsAdder] Loading library gson
[17:56:37] [Server thread/INFO]: [ItemsAdder] Loading library auto-service-annotations
[17:56:37] [Server thread/INFO]: [ItemsAdder] Loading library adventure-text-serializer-commons
[17:56:37] [Server thread/INFO]: [ItemsAdder] Loading library annotations
[17:56:37] [Server thread/INFO]: [ItemsAdder] Loading library adventure-text-serializer-gson-legacy-impl...
[17:56:37] [Server thread/INFO]: [ItemsAdder] Loading library adventure-text-serializer-gson
[17:56:37] [Server thread/INFO]: [ItemsAdder] Loading library adventure-text-serializer-json
[17:56:37] [Server thread/INFO]: [ItemsAdder] Loading library option
[17:56:37] [Server thread/INFO]: [ItemsAdder] Loading library jspecify
[17:56:37] [Server thread/INFO]: [ItemsAdder] Loading library gson
[17:56:37] [Server thread/INFO]: [ItemsAdder] Loading library auto-service-annotations
[17:56:37] [Server thread/INFO]: [ItemsAdder] Loading library adventure-text-serializer-commons
[17:56:37] [Server thread/INFO]: [ItemsAdder] Loading library annotations
[17:56:37] [Server thread/INFO]: [ItemsAdder] Loading library adventure-text-serializer-json-legacy-impl
[17:56:37] [Server thread/INFO]: [ItemsAdder] Loading library adventure-api
[17:56:37] [Server thread/INFO]: [ItemsAdder] Loading library adventure-key
[17:56:37] [Server thread/INFO]: [ItemsAdder] Loading library examination-api
[17:56:37] [Server thread/INFO]: [ItemsAdder] Loading library examination-string
[17:56:37] [Server thread/INFO]: [ItemsAdder] Loading library adventure-nbt
[17:56:37] [Server thread/INFO]: [ItemsAdder] Loading library adventure-platform-bukkit...
[17:56:37] [Server thread/INFO]: [ItemsAdder] Loading library adventure-platform-api
[17:56:37] [Server thread/INFO]: [ItemsAdder] Loading library adventure-api
[17:56:37] [Server thread/INFO]: [ItemsAdder] Loading library adventure-key
[17:56:37] [Server thread/INFO]: [ItemsAdder] Loading library adventure-text-serializer-bungeecord
[17:56:37] [Server thread/INFO]: [ItemsAdder] Loading library adventure-text-serializer-legacy
[17:56:37] [Server thread/INFO]: [ItemsAdder] Loading library adventure-nbt
[17:56:37] [Server thread/INFO]: [ItemsAdder] Loading library examination-api
[17:56:37] [Server thread/INFO]: [ItemsAdder] Loading library examination-string
[17:56:37] [Server thread/INFO]: [ItemsAdder] Loading library annotations
[17:56:37] [Server thread/INFO]: [ItemsAdder] Loading library adventure-text-serializer-gson
[17:56:37] [Server thread/INFO]: [ItemsAdder] Loading library adventure-text-serializer-json
[17:56:37] [Server thread/INFO]: [ItemsAdder] Loading library option
[17:56:37] [Server thread/INFO]: [ItemsAdder] Loading library jspecify
[17:56:37] [Server thread/INFO]: [ItemsAdder] Loading library auto-service-annotations
[17:56:37] [Server thread/INFO]: [ItemsAdder] Loading library adventure-text-serializer-commons
[17:56:37] [Server thread/INFO]: [ItemsAdder] Loading library adventure-text-serializer-gson-legacy-impl
[17:56:37] [Server thread/INFO]: [ItemsAdder] Loading library adventure-text-serializer-json-legacy-impl
[17:56:37] [Server thread/INFO]: [ItemsAdder] Loading library adventure-platform-facet
[17:56:37] [Server thread/INFO]: [ItemsAdder] Loading library adventure-platform-viaversion
[17:56:37] [Server thread/INFO]: [SkinsRestorer] Loading server plugin SkinsRestorer v15.10.0
[17:56:37] [Server thread/INFO]: [ShopGUIPlus] Loading server plugin ShopGUIPlus v1.101.1
[17:56:37] [Server thread/INFO]: [EssentialsChat] Loading server plugin EssentialsChat v2.21.0-dev+149-424816e
[17:56:37] [Server thread/INFO]: [WorldGuardEvents] Loading server plugin WorldGuardEvents v1.18.1
[17:56:37] [Server thread/INFO]: [TAB] Loading server plugin TAB v5.0.3
[17:56:37] [Server thread/INFO]: [CMILib] Loading server plugin CMILib v1.5.2.3
[17:56:37] [Server thread/INFO]: [ajLeaderboards] Loading server plugin ajLeaderboards v2.10.1
[17:56:38] [Server thread/INFO]: [ajLeaderboards] Verifying checksum for gson
[17:56:38] [Server thread/INFO]: [ajLeaderboards] Checksum matched for gson
[17:56:38] [Server thread/INFO]: [ajLeaderboards] Verifying checksum for jar-relocator
[17:56:38] [Server thread/INFO]: [ajLeaderboards] Checksum matched for jar-relocator
[17:56:38] [Server thread/INFO]: [ajLeaderboards] Verifying checksum for asm
[17:56:38] [Server thread/INFO]: [ajLeaderboards] Checksum matched for asm
[17:56:38] [Server thread/INFO]: [ajLeaderboards] Verifying checksum for asm-commons
[17:56:38] [Server thread/INFO]: [ajLeaderboards] Checksum matched for asm-commons
[17:56:38] [Server thread/INFO]: [ajLeaderboards] Verifying checksum for gson
[17:56:38] [Server thread/INFO]: [ajLeaderboards] Checksum matched for gson
[17:56:38] [Server thread/INFO]: [ajLeaderboards] Verifying checksum for HikariCP
[17:56:38] [Server thread/INFO]: [ajLeaderboards] Checksum matched for HikariCP
[17:56:38] [Server thread/INFO]: [ajLeaderboards] Verifying checksum for slf4j-api
[17:56:38] [Server thread/INFO]: [ajLeaderboards] Checksum matched for slf4j-api
[17:56:38] [Server thread/INFO]: [ajLeaderboards] Verifying checksum for h2
[17:56:38] [Server thread/INFO]: [ajLeaderboards] Checksum matched for h2
[17:56:38] [Server thread/INFO]: [ajLeaderboards] Verifying checksum for okhttp
[17:56:38] [Server thread/INFO]: [ajLeaderboards] Checksum matched for okhttp
[17:56:38] [Server thread/INFO]: [ajLeaderboards] Verifying checksum for okio
[17:56:38] [Server thread/INFO]: [ajLeaderboards] Checksum matched for okio
[17:56:38] [Server thread/INFO]: [ajLeaderboards] Verifying checksum for okio-jvm
[17:56:38] [Server thread/INFO]: [ajLeaderboards] Checksum matched for okio-jvm
[17:56:38] [Server thread/INFO]: [ajLeaderboards] Verifying checksum for kotlin-stdlib-jdk8
[17:56:38] [Server thread/INFO]: [ajLeaderboards] Checksum matched for kotlin-stdlib-jdk8
[17:56:38] [Server thread/INFO]: [ajLeaderboards] Verifying checksum for kotlin-stdlib
[17:56:38] [Server thread/INFO]: [ajLeaderboards] Checksum matched for kotlin-stdlib
[17:56:38] [Server thread/INFO]: [ajLeaderboards] Verifying checksum for kotlin-stdlib-common
[17:56:38] [Server thread/INFO]: [ajLeaderboards] Checksum matched for kotlin-stdlib-common
[17:56:38] [Server thread/INFO]: [ajLeaderboards] Verifying checksum for annotations
[17:56:38] [Server thread/INFO]: [ajLeaderboards] Checksum matched for annotations
[17:56:38] [Server thread/INFO]: [ajLeaderboards] Verifying checksum for kotlin-stdlib-jdk7
[17:56:38] [Server thread/INFO]: [ajLeaderboards] Checksum matched for kotlin-stdlib-jdk7
[17:56:38] [Server thread/INFO]: [MyCommand] Loading server plugin MyCommand v5.7.4
[17:56:38] [Server thread/INFO]: [LightTheNight] Loading server plugin LightTheNight v1.0.1
[17:56:38] [Server thread/INFO]: [MCPets] Loading server plugin MCPets v4.1.5-SNAPSHOT
[17:56:38] [Server thread/INFO]: [PlaceholderAPI] Successfully registered internal expansion: mcpets [1.0.0]
[17:56:38] [Server thread/INFO]: [MCPets] : mcpets-dismount flag registered successfully !
[17:56:38] [Server thread/INFO]: [MCPets] : mcpets-despawn flag registered successfully !
[17:56:38] [Server thread/INFO]: [MCPets] : mcpets-dismount-flying flag registered successfully !
[17:56:38] [Server thread/INFO]: [MCPets] : mcpets-pet-player-damage flag registered successfully !
[17:56:38] [Server thread/INFO]: [DecentHolograms] Loading server plugin DecentHolograms v2.9.8
[17:56:38] [Server thread/INFO]: [DeluxeMenus] Loading server plugin DeluxeMenus v1.14.1-Release
[17:56:38] [Server thread/WARN]: [DeluxeMenus] Could not setup a NMS hook for your server version! The following Item options will not work: nbt_int, nbt_ints, nbt_string and nbt_strings.
[17:56:38] [Server thread/INFO]: [EssentialsSpawn] Loading server plugin EssentialsSpawn v2.21.0-dev+149-424816e
[17:56:38] [Server thread/INFO]: [XConomy] Loading server plugin XConomy v2.26.3
[17:56:38] [Server thread/INFO]: [Craftorithm] Loading server plugin Craftorithm v1.10.22-20251003
[17:56:38] [Server thread/INFO]: [Quests] Loading server plugin Quests v3.15.2-b216e2b
[17:56:38] [Server thread/INFO]: [nLogin] Loading server plugin nLogin v10.4.27
[17:56:40] [Server thread/INFO]: [Shopkeepers] Loading server plugin Shopkeepers v2.24.0
[17:56:41] [Server thread/INFO]: [Shopkeepers] Loaded all plugin classes (1134 ms).
[17:56:41] [Server thread/INFO]: [Shopkeepers] Compatibility provider loaded: 1_21_R2
[17:56:41] [Server thread/INFO]: [Shopkeepers] Loading config.
[17:56:41] [Server thread/INFO]: [Shopkeepers] Loading language file: language-en-default.yml
[17:56:41] [Server thread/INFO]: [Shopkeepers] Registering WorldGuard flag 'allow-shop'.
[17:56:41] [Server thread/INFO]: [Shopkeepers] Registering defaults.
[17:56:41] [Server thread/INFO]: [ConsoleSpamFix] Loading server plugin ConsoleSpamFix v1.10.0
[17:56:41] [Server thread/INFO]: [Chunky] Loading server plugin Chunky v1.4.28
[17:56:41] [Server thread/INFO]: [MythicCrucible] Loading server plugin MythicCrucible v2.2.0-SNAPSHOT
[17:56:41] [Server thread/INFO]: [MythicLib] Loading server plugin MythicLib v1.7
[17:56:41] [Server thread/INFO]: [MythicLib] Plugin file is called 'MythicLib-1.7.jar'
[17:56:41] [Server thread/INFO]: [MythicLib] Detected Bukkit Version: v1_21_R1
[17:56:41] [Server thread/INFO]: [MythicLib] Hooked onto WorldGuard
[17:56:41] [Server thread/INFO]: [EconomyShopGUI] Loading server plugin EconomyShopGUI v6.9.1
[17:56:41] [Server thread/INFO]: [ChatManager] Loading server plugin ChatManager v4.0.2
[17:56:41] [Server thread/INFO]: [ConditionalEvents] Loading server plugin ConditionalEvents v4.57.5
[17:56:41] [Server thread/INFO]: [PvPManager] Loading server plugin PvPManager v4.0.7
[17:56:41] [Server thread/INFO]: [PvPManager] Registering WorldGuard flags...
[17:56:41] [Server thread/INFO]: [AnimatedScoreboard] Loading server plugin AnimatedScoreboard v0.3.5
[17:56:41] [Server thread/INFO]: [SepareWorldItems] Loading server plugin SepareWorldItems v1.2.21
[17:56:41] [Server thread/INFO]: [nAntiBot] Loading server plugin nAntiBot v2.0.5
[17:56:42] [Server thread/INFO]: [Jobs] Loading server plugin Jobs v5.2.4.5
[17:56:42] [Server thread/INFO]: [LoneLibs] Loading server plugin LoneLibs v1.0.63
[17:56:42] [Server thread/INFO]: Server permissions file permissions.yml is empty, ignoring it
[17:56:42] [Server thread/INFO]: [LuckPerms] Enabling LuckPerms v5.4.131
[17:56:43] [Server thread/INFO]:         __    
[17:56:43] [Server thread/INFO]:   |    |__)   LuckPerms v5.4.131
[17:56:43] [Server thread/INFO]:   |___ |      Running on Bukkit - Paper
[17:56:43] [Server thread/INFO]: 
[17:56:43] [Server thread/INFO]: [LuckPerms] Loading configuration...
[17:56:43] [Server thread/INFO]: [LuckPerms] Loading storage provider... [H2]
[17:56:44] [Server thread/INFO]: [LuckPerms] Loading internal permission managers...
[17:56:44] [Server thread/INFO]: [LuckPerms] Performing initial data load...
[17:56:44] [Server thread/INFO]: [LuckPerms] Successfully enabled. (took 2673ms)
[17:56:44] [Server thread/INFO]: [Vault] Enabling Vault v1.7.3-b131
[17:56:45] [Server thread/INFO]: [Vault] [Economy] Essentials Economy found: Waiting
[17:56:45] [Server thread/INFO]: [Vault] [Permission] SuperPermissions loaded as backup permission system.
[17:56:45] [Server thread/INFO]: [Vault] Enabled Version 1.7.3-b131
[17:56:45] [Server thread/INFO]: [LuckPerms] Registered Vault permission & chat hook.
[17:56:45] [Server thread/INFO]: [WorldEdit] Enabling WorldEdit v7.3.9+6959-7adf70b
[17:56:45] [Server thread/INFO]: Registering commands with com.sk89q.worldedit.bukkit.BukkitServerInterface
[17:56:45] [Server thread/INFO]: WEPIF: Vault detected! Using Vault for permissions
[17:56:46] [Server thread/INFO]: Using com.sk89q.worldedit.bukkit.adapter.impl.v1_21.PaperweightAdapter as the Bukkit adapter
[17:56:48] [Server thread/INFO]: [ProtocolLib] Enabling ProtocolLib v5.4.0
[17:56:48] [Server thread/INFO]: [ModelEngine] Enabling ModelEngine vR4.0.7
[17:56:48] [Server thread/INFO]: [SkinsRestorer] Enabling SkinsRestorer v15.10.0
[17:56:50] [Server thread/INFO]: [SkinsRestorer] Running on Minecraft 1.21.1.
[17:56:51] [Server thread/INFO]: [SkinsRestorer] Using paper join listener!
[17:56:51] [Server thread/INFO]: [PlaceholderAPI] Successfully registered internal expansion: skinsrestorer [15.10.0]
[17:56:51] [Server thread/INFO]: [SkinsRestorer] PlaceholderAPI expansion registered!
[17:56:51] [Server thread/INFO]: [LightTheNight] Enabling LightTheNight v1.0.1
[17:56:51] [Server thread/INFO]: [LightTheNight] Loaded bbmodel: novua-2026NYE.bbmodel (15 bones, 1 animations)
[17:56:51] [Server thread/INFO]: [LightTheNight] LightTheNight enabled with 1 model(s).
[17:56:51] [Folia Async Scheduler Thread #1/INFO]: [SkinsRestorer] ----------------------------------------------
[17:56:51] [Folia Async Scheduler Thread #1/INFO]: [SkinsRestorer]     +==================+
[17:56:51] [Folia Async Scheduler Thread #1/INFO]: [SkinsRestorer]     |   SkinsRestorer  |
[17:56:51] [Folia Async Scheduler Thread #1/INFO]: [SkinsRestorer]     |------------------|
[17:56:51] [Folia Async Scheduler Thread #1/INFO]: [SkinsRestorer]     |  Standalone Mode |
[17:56:51] [Folia Async Scheduler Thread #1/INFO]: [SkinsRestorer]     +==================+
[17:56:51] [Folia Async Scheduler Thread #1/INFO]: [SkinsRestorer] ----------------------------------------------
[17:56:51] [Folia Async Scheduler Thread #1/INFO]: [SkinsRestorer]     Version: 15.10.0
[17:56:51] [Folia Async Scheduler Thread #1/INFO]: [SkinsRestorer]     Commit: fcb9320
[17:56:51] [Folia Async Scheduler Thread #1/INFO]: [SkinsRestorer]     This is the latest version!
[17:56:51] [Folia Async Scheduler Thread #1/INFO]: [SkinsRestorer] ----------------------------------------------
[17:56:51] [Folia Async Scheduler Thread #1/INFO]: [SkinsRestorer] Do you have issues? Read our troubleshooting guide: https://skinsrestorer.net/docs/troubleshooting
[17:56:51] [Folia Async Scheduler Thread #1/INFO]: [SkinsRestorer] Want to support SkinsRestorer? Consider donating: https://skinsrestorer.net/donate
[17:56:51] [Server thread/INFO]: [LightTheNight] A newer version of LightTheNight is available: 1.0.3 (current: 1.0.1).
[17:56:51] [Server thread/INFO]: [XConomy] Enabling XConomy v2.26.3
[17:56:51] [Server thread/INFO]: [XConomy] UUID-Mode: Default
[17:56:51] [Server thread/INFO]: [XConomy] Language: ENGLISH
[17:56:51] [Server thread/INFO]: [XConomy] Saving method - SQLite
[17:56:51] [Server thread/INFO]: [XConomy] SQLite successfully connected
[17:56:51] [Server thread/INFO]: [XConomy] XConomy successfully enabled
[17:56:51] [Server thread/INFO]: [XConomy] Found PlaceholderAPI
[17:56:51] [Server thread/INFO]: [PlaceholderAPI] Successfully registered internal expansion: xconomy [2.26.3]
[17:56:51] [Server thread/INFO]: [XConomy] PlaceholderAPI successfully hooked
[17:56:51] [Server thread/INFO]: [XConomy] ===== YiC =====
[17:56:51] [Server thread/INFO]: [nLogin] Enabling nLogin v10.4.27
[17:56:51] [Folia Async Scheduler Thread #3/INFO]: [XConomy] Is the latest version
[17:56:52] [Server thread/INFO]: [nLogin] Successful plugin core start (took 0.66s)
[17:56:52] [Server thread/INFO]:           __             _       
[17:56:52] [Server thread/INFO]:   _ __   / /  ___   __ _(_)_ __  
[17:56:52] [Server thread/INFO]:  | '_ \ / /  / _ \ / _` | | '_ \ 
[17:56:52] [Server thread/INFO]:  | | | / /__| (_) | (_| | | | | |
[17:56:52] [Server thread/INFO]:  |_| |_\____/\___/ \__, |_|_| |_|
[17:56:52] [Server thread/INFO]:                   |___/            
[17:56:52] [Server thread/INFO]:  By: www.nickuc.com - V 10.4.27
[17:56:52] [Server thread/INFO]:  
[17:56:53] [Server thread/INFO]: [ConsoleSpamFix] Enabling ConsoleSpamFix v1.10.0
[17:56:53] [Server thread/INFO]: [ConsoleSpamFix] Server version detected: 1.21.1
[17:56:53] [Server thread/INFO]: [ConsoleSpamFix] Loading the config file...
[17:56:53] [Server thread/INFO]: [ConsoleSpamFix] Config file loaded!
[17:56:53] [Server thread/INFO]: [ConsoleSpamFix] ConsoleSpamFix loaded successfully!
[17:56:53] [Server thread/INFO]: [nAntiBot] Enabling nAntiBot v2.0.5
[17:56:54] [Server thread/INFO]: [nAntiBot] Successful plugin core start (took 0.20s)
[17:56:54] [Server thread/INFO]: [nAntiBot]           _         _   _   ___       _   
[17:56:54] [Server thread/INFO]: [nAntiBot]   _ __   /_\  _ __ | |_(_) / __\ ___ | |_ 
[17:56:54] [Server thread/INFO]: [nAntiBot]  | '_ \ //_\\| '_ \| __| |/__\/// _ \| __|
[17:56:54] [Server thread/INFO]: [nAntiBot]  | | | /  _  \ | | | |_| / \/  \ (_) | |_ 
[17:56:54] [Server thread/INFO]: [nAntiBot]  |_| |_\_/ \_/_| |_|\__|_\_____/\___/ \__|
[17:56:54] [Server thread/INFO]: [nAntiBot]                                          
[17:56:54] [Server thread/INFO]: [nAntiBot]  By: www.nickuc.com - V 2.0.5
[17:56:54] [Server thread/INFO]: [nAntiBot] 
[17:56:55] [Folia Async Scheduler Thread #3/INFO]: [nAntiBot] Connecting to the remote server antibot.nickuc.com...
[17:56:55] [Server thread/INFO]: [LoneLibs] Enabling LoneLibs v1.0.63
[17:56:55] [Server thread/WARN]: **** SERVER IS RUNNING IN OFFLINE/INSECURE MODE!
[17:56:55] [Server thread/WARN]: The server will make no attempt to authenticate usernames. Beware.
[17:56:55] [Server thread/WARN]: While this makes the game possible to play without internet access, it also opens up the ability for hackers to connect with any username they choose.
[17:56:55] [Server thread/WARN]: To change this, set "online-mode" to "true" in the server.properties file.
[17:56:55] [Server thread/INFO]: Preparing level "world"
[17:56:56] [Server thread/INFO]: Preparing start region for dimension minecraft:overworld
[17:56:58] [Server thread/INFO]: Time elapsed: 1366 ms
[17:56:58] [Server thread/INFO]: Preparing start region for dimension minecraft:the_nether
[17:56:58] [Server thread/INFO]: Time elapsed: 388 ms
[17:56:58] [Server thread/INFO]: Preparing start region for dimension minecraft:the_end
[17:56:58] [Server thread/INFO]: Time elapsed: 111 ms
[17:56:58] [Server thread/INFO]: [WorldGuard] Enabling WorldGuard v7.0.12+829a4a4
[17:56:58] [Server thread/INFO]: [WorldGuard] (world) TNT ignition is PERMITTED.
[17:56:58] [Server thread/INFO]: [WorldGuard] (world) Lighters are PERMITTED.
[17:56:58] [Server thread/INFO]: [WorldGuard] (world) Lava fire is PERMITTED.
[17:56:58] [Server thread/INFO]: [WorldGuard] (world) Fire spread is UNRESTRICTED.
[17:56:58] [Server thread/INFO]: [WorldGuard] Loaded configuration for world 'world'
[17:56:58] [Server thread/INFO]: [WorldGuard] (world_nether) TNT ignition is PERMITTED.
[17:56:58] [Server thread/INFO]: [WorldGuard] (world_nether) Lighters are PERMITTED.
[17:56:58] [Server thread/INFO]: [WorldGuard] (world_nether) Lava fire is PERMITTED.
[17:56:58] [Server thread/INFO]: [WorldGuard] (world_nether) Fire spread is UNRESTRICTED.
[17:56:58] [Server thread/INFO]: [WorldGuard] Loaded configuration for world 'world_nether'
[17:56:58] [Server thread/INFO]: [WorldGuard] (world_the_end) TNT ignition is PERMITTED.
[17:56:58] [Server thread/INFO]: [WorldGuard] (world_the_end) Lighters are PERMITTED.
[17:56:58] [Server thread/INFO]: [WorldGuard] (world_the_end) Lava fire is PERMITTED.
[17:56:58] [Server thread/INFO]: [WorldGuard] (world_the_end) Fire spread is UNRESTRICTED.
[17:56:58] [Server thread/INFO]: [WorldGuard] Loaded configuration for world 'world_the_end'
[17:56:58] [Server thread/INFO]: [WorldGuard] Loading region data...
[17:56:59] [Server thread/INFO]: [Multiverse-Core] Enabling Multiverse-Core v4.3.14
[17:56:59] [Server thread/WARN]: [Multiverse-Core] "Multiverse-Core v4.3.14" has registered a listener for org.bukkit.event.entity.EntityCreatePortalEvent on method "public void com.onarandombox.MultiverseCore.listeners.MVPortalListener.entityPortalCreate(org.bukkit.event.entity.EntityCreatePortalEvent)", but the event is Deprecated. "Server performance will be affected"; please notify the authors [dumptruckman, Rigby, fernferret, lithium3141, main--].
[17:56:59] [Server thread/INFO]: [Multiverse-Core] §aWe are aware of the warning about the deprecated event. There is no alternative that allows us to do what we need to do and performance impact is negligible. It is safe to ignore.
[17:56:59] [Server thread/WARN]: [Multiverse-Core] WorldManager: Can't load this world because the folder was deleted/moved: Athenia_nether
[17:56:59] [Server thread/WARN]: [Multiverse-Core] Use '/mv remove' to remove it from the config!
[17:56:59] [Server thread/INFO]: Could not set generator for world 'world': Plugin 'TerraformGenerator' does not exist
[17:56:59] [Server thread/INFO]: Preparing start region for dimension minecraft:athenia
[17:57:00] [Server thread/INFO]: Time elapsed: 554 ms
[17:57:00] [Server thread/INFO]: [WorldGuard] (Athenia) TNT ignition is PERMITTED.
[17:57:00] [Server thread/INFO]: [WorldGuard] (Athenia) Lighters are PERMITTED.
[17:57:00] [Server thread/INFO]: [WorldGuard] (Athenia) Lava fire is PERMITTED.
[17:57:00] [Server thread/INFO]: [WorldGuard] (Athenia) Fire spread is UNRESTRICTED.
[17:57:00] [Server thread/INFO]: [WorldGuard] Loaded configuration for world 'Athenia'
[17:57:00] [Server thread/WARN]: [Multiverse-Core] WorldManager: Can't load this world because the folder was deleted/moved: Athenia_the_end
[17:57:00] [Server thread/WARN]: [Multiverse-Core] Use '/mv remove' to remove it from the config!
[17:57:00] [Server thread/INFO]: [Multiverse-Core] 4 - World(s) loaded.
[17:57:00] [Server thread/WARN]: [Multiverse-Core] Buscript failed to load! The script command will be disabled! If you would like not to see this message, use `/mv conf enablebuscript false` to disable Buscript from loading.
[17:57:00] [Server thread/INFO]: [Multiverse-Core] Version 4.3.14 (API v24) Enabled - By dumptruckman, Rigby, fernferret, lithium3141 and main--
[17:57:00] [Server thread/INFO]: [PlaceholderAPI] Enabling PlaceholderAPI v2.11.6
[17:57:00] [Server thread/INFO]: [PlaceholderAPI] Fetching available expansion information...
[17:57:00] [Server thread/INFO]: [MythicMobs] Enabling MythicMobs v5.10.0-${CI_COMMIT_SHORT_SHA}
[17:57:01] [Server thread/INFO]: [MythicMobs] Loading MythicMobs for Paper (MC: 1.21.1)...
[17:57:01] [Server thread/INFO]: [MythicMobs] The server is running Paper; enabled Paper exclusive functionality
[17:57:03] [Server thread/INFO]: [PlaceholderAPI] Successfully registered internal expansion: mythic [5.0.0]
[17:57:03] [Server thread/INFO]: [MythicMobs] Mythic PlaceholderAPI Support has been enabled!
[17:57:03] [Server thread/INFO]: [MythicMobs] Mythic Vault Support has been enabled!
[17:57:03] [Server thread/INFO]: [MythicMobs] Mythic WorldGuard Support has been enabled!
[17:57:06] [Server thread/INFO]: [MythicMobs] Loading Packs...
[17:57:07] [Server thread/INFO]: [MythicMobs] Loading Items...
[17:57:07] [Server thread/INFO]: [MythicMobs] Loading Item Groups...
[17:57:07] [Server thread/INFO]: [MythicMobs] Loading Skills...
[17:57:10] [Server thread/INFO]: Environment: Environment[sessionHost=https://sessionserver.mojang.com, servicesHost=https://api.minecraftservices.com, name=PROD]
[17:57:11] [Server thread/INFO]: [MythicMobs] Loading Drop Tables...
[17:57:11] [Server thread/INFO]: [MythicMobs] Loading Random Spawns...
[17:57:11] [Server thread/INFO]: [MythicMobs] Loading Spawn Blocks...
[17:57:11] [Server thread/INFO]: [MythicMobs] ✓ Loaded 228 mobs.
[17:57:11] [Server thread/INFO]: [MythicMobs] ✓ Loaded 3 vanilla mob overrides.
[17:57:11] [Server thread/INFO]: [MythicMobs] ✓ Loaded 0 mob stacks.
[17:57:11] [Server thread/INFO]: [MythicMobs] ✓ Loaded 1679 skills.
[17:57:11] [Server thread/INFO]: [MythicMobs] ✓ Loaded 9 random spawns.
[17:57:11] [Server thread/INFO]: [MythicMobs] ✓ Loaded 151 mythic items.
[17:57:11] [Server thread/INFO]: [MythicMobs] ✓ Loaded 4 drop tables.
[17:57:11] [Server thread/INFO]: [MythicMobs] ✓ Loaded 0 mob spawners.
[17:57:11] [Server thread/INFO]: [MythicMobs] MythicMobs configuration file loaded successfully.
[17:57:11] [Server thread/INFO]: [MythicMobs] Started up bStats Metrics
[17:57:11] [Server thread/INFO]: [MythicMobs] ✓ MythicMobs Premium v5.10.0 ( build ${CI_COMMIT_SHORT_SHA} ) has been successfully loaded!
[17:57:12] [Server thread/INFO]: [MythicMobs] Model Engine Compatibility Loaded.
[17:57:12] [Server thread/INFO]: [ModelEngine] [S] Compatibility applied: MythicMobs
[17:57:12] [Server thread/INFO]: [Essentials] Enabling Essentials v2.21.0-dev+149-424816e
[17:57:13] [Server thread/ERROR]: [Essentials] You are running an unsupported server version!
[17:57:13] [Server thread/INFO]: [Essentials] Attempting to convert old kits in config.yml to new kits.yml
[17:57:13] [Server thread/INFO]: [Essentials] No kits found to migrate.
[17:57:13] [Server thread/INFO]: [Essentials] Loaded 43465 items from items.json.
[17:57:13] [Server thread/INFO]: [Essentials] Using locale en
[17:57:13] [Server thread/INFO]: [Essentials] ServerListPingEvent: Spigot iterator API
[17:57:14] [Server thread/INFO]: [Essentials] Starting Metrics. Opt-out using the global bStats config.
[17:57:14] [Server thread/INFO]: [Vault] [Economy] Essentials Economy hooked.
[17:57:14] [Server thread/INFO]: [Essentials] Using Vault based permissions (LuckPerms)
[17:57:14] [Server thread/INFO]: [Orebfuscator] Enabling Orebfuscator v5.5.1
[17:57:16] [Server thread/INFO]: [ItemsAdder] Enabling ItemsAdder v4.0.15
[17:57:16] [Server thread/WARN]: [ItemsAdder] LoneLibs is enabled. This plugin is not needed anymore and it's recommended to remove it (if you are not using it for other plugins).
[17:57:16] [Server thread/WARN]: ItemsAdder) Using default server address: . Consider setting it in the `config.yml`
[17:57:16] [Server thread/WARN]: ItemsAdder) Using default server port: 25565. Consider setting it in the `config.yml`
[17:57:16] [Server thread/INFO]: ItemsAdder) 
                                                   ItemsAdder 4.0.15
  ___  ___        __        __   __   ___  __      ProtocolLib 5.4.0
|  |  |__   |\/| /__`  /\  |  \ |  \ |__  |__)     Paper 1.21.1-57-b483da4 (MC: 1.21.1)
|  |  |___  |  | .__/ /--\ |__/ |__/ |___ |  \     Build Date: 2025-11-07_18.11.08
                                                   Java Version: 21.0.9
                                                   OS: Linux 6.8.0-1044-azure                                               
[17:57:16] [Server thread/INFO]: [ItemsAdder] Loading GlowingEntities API
[17:57:16] [Server thread/INFO]: [GlowingEntities] [GlowingEntities] Found server version 1.21.1
[17:57:16] [Server thread/INFO]: [GlowingEntities] [GlowingEntities] Loaded transparent mappings.
[17:57:20] [Server thread/INFO]: [ShopGUIPlus] Enabling ShopGUIPlus v1.101.1
[17:57:20] [Server thread/INFO]: [ShopGUIPlus] [STDOUT] [Spigotunlocked.com] - COSMO
[17:57:20] [Server thread/WARN]: Nag author(s): '[brc]' of 'ShopGUIPlus v1.101.1' about their usage of System.out/err.print. Please use your plugin's logger instead (JavaPlugin#getLogger).
[17:57:20] [Server thread/INFO]: [EssentialsChat] Enabling EssentialsChat v2.21.0-dev+149-424816e
[17:57:20] [Server thread/INFO]: [EssentialsChat] Starting Metrics. Opt-out using the global bStats config.
[17:57:20] [Server thread/INFO]: [WorldGuardEvents] Enabling WorldGuardEvents v1.18.1
[17:57:20] [Server thread/INFO]: [WorldGuard] Registering session handler net.raidstone.wgevents.Entry
[17:57:20] [Server thread/INFO]: [TAB] Enabling TAB v5.0.3
[17:57:21] [Server thread/INFO]: [TAB] Loaded NMS hook in 58ms
[17:57:21] [Server thread/INFO]: [TAB] Enabled in 660ms
[17:57:21] [Server thread/INFO]: [CMILib] Enabling CMILib v1.5.2.3
[17:57:22] [Server thread/INFO]: Server version: v1_21_R1 - 1.21.1 - paper  1.21.1-57-b483da4 (MC: 1.21.1)
[17:57:23] [Server thread/INFO]: [PlaceholderAPI] Successfully registered internal expansion: cmil [1.5.2.3]
[17:57:23] [Server thread/INFO]: PlaceholderAPI hooked.
[17:57:23] [Server thread/INFO]: Updated (EN) language file. Took 72ms
[17:57:23] [Server thread/INFO]: [ajLeaderboards] Enabling ajLeaderboards v2.10.1
[17:57:24] [Server thread/INFO]: [ajLeaderboards] Using H2 flatfile for board cache. (h2)
[17:57:24] [Server thread/INFO]: [ajLeaderboards] Loaded 6 boards
[17:57:24] [Server thread/INFO]: [PlaceholderAPI] Successfully registered internal expansion: ajlb [2.10.1]
[17:57:24] [Server thread/INFO]: [ajLeaderboards] PAPI placeholders successfully registered!
[17:57:24] [Server thread/INFO]: [ajLeaderboards] ajLeaderboards v2.10.1 by ajgeiss0702 enabled!
[17:57:24] [Server thread/INFO]: [MyCommand] Enabling MyCommand v5.7.4
[17:57:24] [Server thread/INFO]: *-=-=-=-=-=-=-=-=-* MyCommand v.5.7.4*-=-=-=-=-=-=-=-=-=-*
[17:57:24] [Server thread/INFO]: | Hooked on Vault 1.7.3-b131
[17:57:24] [Server thread/INFO]: | Command file(s) found : 2
[17:57:24] [Server thread/INFO]: | Config : Ready.
[17:57:24] [Server thread/INFO]: | ProtocolLib found, features availables (SignMenu)
[17:57:24] [Server thread/INFO]: [PlaceholderAPI] Successfully registered internal expansion: mycommand [1.0.0]
[17:57:24] [Server thread/INFO]: | Placeholder_API : Hooked, Ok.
[17:57:25] [Server thread/INFO]: | Custom commands loaded : 49
[17:57:25] [Server thread/INFO]: | New update available : MyCommand v5.7.5
[17:57:25] [Server thread/INFO]: |          by emmerrei a.k.a. ivanfromitaly.           
[17:57:25] [Server thread/INFO]: *-=-=-=-=-=-=-=-=-=-*   Done!   *-=-=-=-=-=-=-=-=-=-=-*
[17:57:25] [Server thread/INFO]: [MCPets] Enabling MCPets v4.1.5-SNAPSHOT
[17:57:25] [Server thread/INFO]: [MCPets] : Language file reloaded.
[17:57:25] [Server thread/INFO]: [MCPets] : Blacklist file reloaded.
[17:57:25] [Server thread/INFO]: Loading pets... 
[17:57:25] [Server thread/INFO]:   - Ender_Hammerhead_PET loaded succesfully.
[17:57:25] [Server thread/INFO]:   - End_Seeker_PET loaded succesfully.
[17:57:25] [Server thread/INFO]:   - Ender_Ripper_PET loaded succesfully.
[17:57:25] [Server thread/INFO]:   - Ender_Slime_PET loaded succesfully.
[17:57:25] [Server thread/INFO]:   - Ender_Witch_PET loaded succesfully.
[17:57:25] [Server thread/INFO]:   - MegaWarden loaded succesfully.
[17:57:25] [Server thread/INFO]:   - bs_cc_elephant loaded succesfully.
[17:57:25] [Server thread/INFO]:   - bs_cc_rhino loaded succesfully.
[17:57:25] [Server thread/INFO]:   - bs_cc_hippo loaded succesfully.
[17:57:25] [Server thread/INFO]:   - Nocsy_Cat-Fallen loaded succesfully.
[17:57:25] [Server thread/INFO]:   - Nocsy_Cat-European loaded succesfully.
[17:57:25] [Server thread/INFO]:   - Nocsy_Cat-Munchkin loaded succesfully.
[17:57:25] [Server thread/INFO]:   - Nocsy_Cat-MaineCoon loaded succesfully.
[17:57:25] [Server thread/INFO]:   - Nocsy_Cat-Siamese loaded succesfully.
[17:57:25] [Server thread/INFO]:   - Nocsy_Cat-ScottishFold loaded succesfully.
[17:57:25] [Server thread/INFO]:   - Nocsy_Cat-Bombay loaded succesfully.
[17:57:25] [Server thread/INFO]:   - Void_Beholder_PET loaded succesfully.
[17:57:25] [Server thread/INFO]:   - 1bit_elite_pillager_pet loaded succesfully.
[17:57:25] [Server thread/INFO]:   - 1bit_elite_baby_pillager_pet loaded succesfully.
[17:57:25] [Server thread/INFO]:   - 1bit_elite_baby_piglin_brute_pet loaded succesfully.
[17:57:25] [Server thread/INFO]:   - 1bit_elite_piglin_brute_pet loaded succesfully.
[17:57:25] [Server thread/INFO]:   - End_Scuttler_PET loaded succesfully.
[17:57:25] [Server thread/INFO]:   - Cauldron_of_Death_Pet loaded succesfully.
[17:57:25] [Server thread/INFO]:   - 1bit_elite_ghast_pet loaded succesfully.
[17:57:25] [Server thread/INFO]:   - 1bit_elite_baby_ghast_pet loaded succesfully.
[17:57:25] [Server thread/INFO]:   - 1bit_elite_baby_zombified_piglin_pet loaded succesfully.
[17:57:25] [Server thread/INFO]:   - 1bit_elite_zombified_piglin_pet loaded succesfully.
[17:57:25] [Server thread/INFO]:   - 1bit_elite_baby_blaze_pet loaded succesfully.
[17:57:25] [Server thread/INFO]:   - 1bit_elite_blaze_pet loaded succesfully.
[17:57:25] [Server thread/INFO]:   - nm_mini_you_archer loaded succesfully.
[17:57:25] [Server thread/INFO]:   - nm_mini_you_paladin loaded succesfully.
[17:57:25] [Server thread/INFO]:   - nm_mini_you_sorcerer loaded succesfully.
[17:57:25] [Server thread/INFO]: [MCPets] : 32 pets registered successfully !
[17:57:25] [Server thread/INFO]: [MCPets] : 4 categories registered successfully !
[17:57:25] [Server thread/ERROR]: [MCPets] Could not reach SQL database. Please configure your database parameters.
[17:57:25] [Server thread/INFO]: [MCPets] [Database] Can't initialize MySQL.
[17:57:25] [Server thread/INFO]: [MCPets] [Database] Will be using YAML support instead (no worry it's not a bug).
[17:57:25] [Server thread/INFO]: -=-=-=-= MCPets loaded =-=-=-=-
[17:57:25] [Server thread/INFO]:       Plugin made by Nocsy     
[17:57:25] [Server thread/INFO]: -=-=-=-= -=-=-=-=-=-=- =-=-=-=-
[17:57:25] [Server thread/INFO]: -=- Launching Flags -=-
[17:57:25] [Server thread/INFO]: [MCPets] : Starting flag mcpets-dismount.
[17:57:25] [Server thread/INFO]: [MCPets] : Starting flag mcpets-despawn.
[17:57:25] [Server thread/INFO]: [MCPets] : Starting flag mcpets-dismount-flying.
[17:57:25] [Server thread/INFO]: 3 flags launched.
[17:57:25] [Server thread/INFO]: [DecentHolograms] Enabling DecentHolograms v2.9.8
[17:57:25] [Server thread/INFO]: [DecentHolograms] Initialized NMS adapter for v1_21_R1 (1.21.1).
[17:57:26] [Server thread/INFO]: [NBTAPI] [NBTAPI] Found Minecraft: 1.21.1! Trying to find NMS support
[17:57:26] [Server thread/INFO]: [NBTAPI] [NBTAPI] NMS support 'MC1_21_R1' loaded!
[17:57:26] [Server thread/INFO]: [NBTAPI] [NBTAPI] Using the plugin 'DecentHolograms' to create a bStats instance!
[17:57:26] [Server thread/INFO]: [DecentHolograms] NBT-API loaded successfully.
[17:57:26] [Server thread/INFO]: [DeluxeMenus] Enabling DeluxeMenus v1.14.1-Release
[17:57:26] [Server thread/INFO]: [DeluxeMenus] Successfully hooked into PlaceholderAPI!
[17:57:26] [Server thread/INFO]: [DeluxeMenus] Successfully hooked into Vault!
[17:57:26] [pool-71-thread-1/INFO]: [ajLeaderboards] You are up to date! (2.10.1)
[17:57:27] [Server thread/INFO]: [DeluxeMenus] 119 GUI menus loaded!
[17:57:27] [Server thread/INFO]: [PlaceholderAPI] Successfully registered internal expansion: deluxemenus [1.14.1-Release]
[17:57:27] [Server thread/INFO]: [DeluxeMenus] You are running the latest version of DeluxeMenus!
[17:57:27] [Server thread/INFO]: [EssentialsSpawn] Enabling EssentialsSpawn v2.21.0-dev+149-424816e
[17:57:27] [Server thread/INFO]: [EssentialsSpawn] Starting Metrics. Opt-out using the global bStats config.
[17:57:27] [Server thread/INFO]: [Craftorithm] Enabling Craftorithm v1.10.22-20251003
[17:57:28] [Server thread/INFO]: [Quests] Enabling Quests v3.15.2-b216e2b
[17:57:28] [Server thread/INFO]: [Quests] Running server scheduler: FoliaServerScheduler
[17:57:28] [Server thread/INFO]: [Quests] Initialising storage provider 'yaml'
[17:57:28] [Server thread/INFO]: [Quests] Your server is running version 1.21
[17:57:28] [Server thread/ERROR]: [Quests] Could not set color for the initialized boss bar implementation, using default instead!
[17:57:28] [Server thread/ERROR]: [Quests] Update your config to latest version! (color section is missing)
[17:57:28] [Server thread/ERROR]: [Quests] https://github.com/LMBishop/Quests/blob/master/bukkit/src/main/resources/resources/bukkit/config.yml
[17:57:28] [Server thread/ERROR]: [Quests] Could not set style for the initialized boss bar implementation, using default instead!
[17:57:28] [Server thread/ERROR]: [Quests] Update your config to latest version! (style section is missing)
[17:57:28] [Server thread/ERROR]: [Quests] https://github.com/LMBishop/Quests/blob/master/bukkit/src/main/resources/resources/bukkit/config.yml
[17:57:28] [Server thread/INFO]: [Quests] Metrics started. This can be disabled at /plugins/bStats/config.yml.
[17:57:28] [Folia Async Scheduler Thread #4/INFO]: [Quests] A new version 3.16.1 was found on Spigot (your version: 3.15.2-b216e2b). Please update me! <3 - Link: https://get.leonardobishop.com/quests
[17:57:28] [Server thread/INFO]: [Shopkeepers] Enabling Shopkeepers v2.24.0
[17:57:28] [Server thread/INFO]: [Shopkeepers] Loading the data of 3 shopkeepers ...
[17:57:28] [Server thread/INFO]: [Chunky] Enabling Chunky v1.4.28
[17:57:28] [Server thread/INFO]: [MythicCrucible] Enabling MythicCrucible v2.2.0-SNAPSHOT
[17:57:28] [Server thread/INFO]: [MythicCrucible] [STDOUT] [Spigotunlocked.com] - Hello
[17:57:28] [Server thread/WARN]: Nag author(s): '[Ashijin]' of 'MythicCrucible v2.2.0-SNAPSHOT' about their usage of System.out/err.print. Please use your plugin's logger instead (JavaPlugin#getLogger).
[17:57:28] [Server thread/INFO]: [MythicMobs] §6------------------------------------------------
[17:57:28] [Server thread/INFO]: [MythicMobs] §b+ Loading MythicCrucible for Bukkit
[17:57:28] [Server thread/INFO]: [MythicMobs] §6------------------------------------------------
[17:57:28] [Server thread/INFO]: [MythicMobs] Registering Durability Listener
[17:57:37] [Server thread/INFO]: [MythicMobs] Started up bStats Metrics
[17:57:37] [Server thread/INFO]: [MythicMobs] MythicCrucible Support has been enabled!
[17:57:37] [Server thread/INFO]: [MythicMobs] MythicCrucible WorldEdit support enabled!
[17:57:37] [Server thread/INFO]: [MythicMobs] Attached traits to items.
[17:57:37] [Server thread/INFO]: [MythicMobs] Loaded 151 items.
[17:57:37] [Server thread/INFO]: [MythicMobs] Loaded 4 drop tables.
[17:57:37] [Server thread/INFO]: [MythicMobs] ✓ MythicCrucible  v2.2.0 has been successfully loaded!
[17:57:37] [Server thread/INFO]: [MythicLib] Enabling MythicLib v1.7
[17:57:38] [Server thread/INFO]: [MythicLib] Hooked onto TextDisplays (holograms)
[17:57:38] [Server thread/INFO]: [MythicMobs] MMO Plugin Support has been enabled!
[17:57:38] [Server thread/INFO]: [MythicLib] Hooked onto MythicMobs
[17:57:38] [Server thread/INFO]: [MythicLib] Hooked onto ProtocolLib
[17:57:38] [Server thread/INFO]: [PlaceholderAPI] Successfully registered internal expansion: mythiclib [1.7]
[17:57:38] [Server thread/INFO]: [MythicLib] Hooked onto PlaceholderAPI
[17:57:38] [Server thread/INFO]: [EconomyShopGUI] Enabling EconomyShopGUI v6.9.1
[17:57:38] [Server thread/INFO]: [EconomyShopGUI] [INFO]: Using lang-en.yml as language file.
[17:57:38] [Server thread/INFO]: [EconomyShopGUI] [INFO]: Completed loading 16 section configs from /sections/
[17:57:38] [Server thread/INFO]: [EconomyShopGUI] [INFO]: Completed loading 16 shop configs from /shops/
[17:57:38] [Server thread/INFO]: [EconomyShopGUI] [INFO]: Updating Shop settings...
[17:57:38] [Server thread/INFO]: [EconomyShopGUI] [INFO]: Successfully hooked into Vault
[17:57:38] [Server thread/INFO]: [EconomyShopGUI] [INFO]: Completed loading 1 economy provider(s) for all 14 shop sections.
[17:57:38] [Server thread/INFO]: [EconomyShopGUI] [INFO]: Using minecraft version 1.21.1...
[17:57:38] [Server thread/INFO]: [EconomyShopGUI] [INFO]: Spawner provider set to AUTO in config
[17:57:38] [Server thread/INFO]: [EconomyShopGUI] [INFO]: Automatically searching for compatible spawner provider....
[17:57:38] [Server thread/INFO]: [EconomyShopGUI] [INFO]: Failed to automatically find compatible spawner provider, using default...
[17:57:38] [Server thread/INFO]: [PlaceholderAPI] Successfully registered internal expansion: esgui [1.0.0]
[17:57:38] [Server thread/INFO]: [EconomyShopGUI] [INFO]: Debug mode is enabled.
[17:57:38] [Server thread/INFO]: [EconomyShopGUI] [INFO]: Loading all items...
[17:57:38] [Server thread/INFO]: [EconomyShopGUI] [INFO]: Initialized - Took 327ms to complete
[17:57:38] [ESGUI_UTIL_THREAD #0/INFO]: [EconomyShopGUI] [INFO]: There is an update available for EconomyShopGUI, you are running v6.9.1 but found v6.16.3.
[17:57:38] [ESGUI_UTIL_THREAD #0/INFO]: [EconomyShopGUI] [INFO]: Download at: https://www.spigotmc.org/resources/economyshopgui.69927/
[17:57:38] [Server thread/INFO]: [ChatManager] Enabling ChatManager v4.0.2
[17:57:38] [Server thread/INFO]: [PlaceholderAPI] Successfully registered internal expansion: chatmanager [4.0.2]
[17:57:39] [Server thread/INFO]: [ConditionalEvents] Enabling ConditionalEvents v4.57.5
[17:57:39] [Server thread/INFO]: [PlaceholderAPI] Successfully registered internal expansion: conditionalevents [4.57.5]
[17:57:39] [Server thread/INFO]: [ConditionalEvents] Has been enabled! Version: 4.57.5
[17:57:39] [Server thread/INFO]: [ConditionalEvents] Thanks for using my plugin!   ~Ajneb97
[17:57:39] [Server thread/INFO]: There is a new version available. (4.74.1)
[17:57:39] [Server thread/INFO]: You can download it at: https://modrinth.com/plugin/conditionalevents
[17:57:39] [Server thread/INFO]: [PvPManager] Enabling PvPManager v4.0.7
[17:57:39] [Server thread/INFO]: [PvPManager] Using player nametags: true
[17:57:39] [Server thread/INFO]: [PvPManager] Connected to SQLITE database successfully
[17:57:39] [Server thread/INFO]: [PvPManager] Players stored: 7
[17:57:39] [Server thread/INFO]: [PvPManager] WorldGuard Found! Enabling Support For WorldGuard Regions
[17:57:39] [Server thread/INFO]: [WorldGuard] Registering session handler me.chancesd.pvpmanager.integration.hook.worldguard.WorldGuardFlagHandler
[17:57:39] [Server thread/INFO]: [PvPManager] Essentials Found! Hooked successfully
[17:57:39] [Server thread/INFO]: [PvPManager] Vault Found! Using it for currency related features
[17:57:39] [Server thread/INFO]: [PvPManager] PlaceholderAPI Found! Hooked successfully
[17:57:39] [Server thread/INFO]: [PlaceholderAPI] Successfully registered internal expansion: pvpmanager [4.0.7]
[17:57:39] [Server thread/INFO]: [PvPManager] TAB Found! Using TAB to change nametags instead of scoreboards
[17:57:39] [Server thread/INFO]: [PvPManager] PvPManager v4.0.7 enabled (301 ms)
[17:57:39] [Server thread/INFO]: [AnimatedScoreboard] Enabling AnimatedScoreboard v0.3.5
[17:57:39] [Server thread/INFO]: [PlaceholderAPI] Successfully registered internal expansion: animatedscoreboard [0.0.1]
[17:57:39] [Server thread/INFO]: [SepareWorldItems] Enabling SepareWorldItems v1.2.21
[17:57:39] [Server thread/INFO]: ------------------------------------
[17:57:39] [Server thread/INFO]:  On SepareWorldItems 1.2.21
[17:57:39] [Server thread/INFO]:  
[17:57:39] [Server thread/INFO]:  Thanks for using SepareWorldItems :D
[17:57:39] [Server thread/INFO]:  Created By: Happyuky7
[17:57:39] [Server thread/INFO]:  
[17:57:39] [Server thread/INFO]:  Version Server: 1.21.1-57-b483da4 (MC: 1.21.1)
[17:57:39] [Server thread/INFO]:  
[17:57:39] [Server thread/INFO]:  Discord: https://discord.gg/3EebYUyeUX
[17:57:39] [Server thread/INFO]:  GitHub: https://github.com/Happyuky7/SEPARE-WORLD-ITEMS
[17:57:39] [Server thread/INFO]: ------------------------------------
[17:57:39] [Server thread/INFO]:  
[17:57:39] [Server thread/INFO]: ------------------------------------
[17:57:39] [Server thread/INFO]:  [Register]: Load Files.
[17:57:39] [Server thread/INFO]: ------------------------------------
[17:57:39] [Server thread/INFO]:  [Register]: Load Langs Files.
[17:57:39] [Server thread/INFO]: ------------------------------------
[17:57:39] [Server thread/INFO]:  [Register]: Load Commands.
[17:57:39] [Server thread/INFO]: ------------------------------------
[17:57:39] [Server thread/INFO]:  [Register]: Load Events.
[17:57:39] [Server thread/INFO]: ------------------------------------
[17:57:39] [Server thread/INFO]:  [Register]: Reload Files.
[17:57:39] [Server thread/INFO]: ------------------------------------
[17:57:39] [Server thread/INFO]: [Jobs] Enabling Jobs v5.2.4.5
[17:57:39] [Server thread/INFO]: ------------- Jobs -------------
[17:57:39] [Server thread/INFO]: [PlaceholderAPI] Successfully registered internal expansion: jobsr [5.2.4.5]
[17:57:39] [Server thread/INFO]: PlaceholderAPI hooked.
[17:57:40] [Server thread/INFO]: Connected to database (SqLite)
[17:57:40] [Server thread/INFO]: Loaded 9 titles
[17:57:40] [Server thread/INFO]: Loaded 2 restricted areas!
[17:57:40] [Server thread/INFO]: Loaded 119 protected blocks timers
[17:57:40] [Server thread/INFO]: Loaded 1481 custom item names
[17:57:40] [Server thread/INFO]: Loaded 84 custom entity names
[17:57:40] [Server thread/INFO]: Loaded 2 custom MythicMobs names
[17:57:40] [Server thread/INFO]: Loaded 42 custom enchant names
[17:57:40] [Server thread/INFO]: Loaded 46 custom enchant names
[17:57:40] [Server thread/INFO]: Loaded 16 custom color names
[17:57:40] [Server thread/INFO]: Update shops items icon section and use 'ItemStack' instead
[17:57:40] [Server thread/INFO]: Loaded 9 shop items
[17:57:40] [Server thread/INFO]: Update Ingeniero jobs gui item section to use `ItemStack` instead of `Item` sections format. More information inside _EXAMPLE job file
[17:57:40] [Server thread/INFO]: Loaded 19 jobs
[17:57:40] [Server thread/INFO]: Loaded 0 boosted items
[17:57:40] [Server thread/INFO]: Loaded 4 furnace for reassigning.
[17:57:40] [Server thread/INFO]: Loaded 2 blastfurnace for reassigning.
[17:57:40] [Jobs-DatabaseSaveTask/INFO]: Started database save task.
[17:57:40] [Jobs-BufferedPaymentThread/INFO]: Started buffered payment thread.
[17:57:40] [Server thread/INFO]: Preloaded 7 players data in 0.04
[17:57:40] [Server thread/INFO]: Registering listeners...
[17:57:40] [Server thread/INFO]: Listeners registered successfully
[17:57:41] [Server thread/INFO]: Plugin has been enabled successfully.
[17:57:41] [Server thread/INFO]: ------------------------------------
[17:57:41] [Server thread/INFO]: [spark] Starting background profiler...
[17:57:42] [PvPManager Worker Thread - 0/INFO]: [PvPManager] Checking for updates...
[17:57:42] [Server thread/INFO]: [PlaceholderAPI] Placeholder expansion registration initializing...
[17:57:42] [Server thread/INFO]: Done preparing level "world" (46.940s)
[17:57:42] [Server thread/INFO]: Running delayed init tasks
[17:57:42] [Craft Scheduler Thread - 5 - ModelEngine/INFO]: [ModelEngine] [A] 
[17:57:42] [Craft Scheduler Thread - 5 - ModelEngine/INFO]: [ModelEngine] [A] [Importing models]
[17:57:42] [PvPManager Worker Thread - 0/INFO]: [PvPManager] No update found
[17:57:42] [Server thread/INFO]: [Essentials] Essentials found a compatible payment resolution method: Vault Compatibility Layer (v1.7.3-b131)!
[17:57:42] [Craft Scheduler Thread - 5 - ModelEngine/INFO]: [ModelEngine] [A] 
[17:57:42] [Craft Scheduler Thread - 5 - ModelEngine/INFO]: [ModelEngine] [A] Importing EndBeast.bbmodel.
[17:57:42] [Craft Scheduler Thread - 18 - DecentHolograms/INFO]: [DecentHolograms] Loading holograms... 
[17:57:42] [Craft Scheduler Thread - 6 - CMILib/INFO]: New version of CMILib was detected. Please update it
[17:57:42] [Craft Scheduler Thread - 26 - AnimatedScoreboard/INFO]: [AnimatedScoreboard] Checking for an update!
[17:57:42] [Craft Scheduler Thread - 26 - AnimatedScoreboard/INFO]: [AnimatedScoreboard] You are 3 versions behind! Get AnimatedScoreboard(v0.3.8) at:
[17:57:42] [Craft Scheduler Thread - 26 - AnimatedScoreboard/INFO]: [AnimatedScoreboard] https://www.spigotmc.org/resources/20848
[17:57:42] [Craft Scheduler Thread - 10 - Essentials/INFO]: [Essentials] Fetching version information...
[17:57:42] [Craft Scheduler Thread - 12 - ItemsAdder/INFO]: ItemsAdder) [License] Spigot product licensed to: timoprince (1869569)
[17:57:42] [Server thread/INFO]: [Craftorithm] Found Vault, hooked successfully.
[17:57:42] [Craft Scheduler Thread - 27 - Vault/INFO]: [Vault] Checking for Updates ... 
[17:57:42] [Server thread/INFO]: [Craftorithm] Found ItemsAdder, hooked successfully.
[17:57:42] [Server thread/INFO]: [Craftorithm] Found MythicMobs, hooked successfully.
[17:57:42] [Craft Scheduler Thread - 27 - Vault/INFO]: [Vault] No new version available
[17:57:42] [Craft Scheduler Thread - 20 - DecentHolograms/INFO]: 
A newer version of DecentHolograms is available. Download it from: 
- https://www.spigotmc.org/resources/96927/
- https://modrinth.com/plugin/decentholograms
[17:57:42] [Server thread/INFO]: WorldGuard detected.
[17:57:42] [Server thread/INFO]: MythicMobs 5.x detected.
[17:57:42] [Server thread/INFO]: [Jobs] Successfully linked with Vault. (XConomy)
[17:57:42] [Server thread/INFO]: [Jobs] Successfully linked with Vault. (LuckPerms)
[17:57:43] [Craft Scheduler Thread - 5 - ModelEngine/INFO]: [ModelEngine] [A] 
[17:57:43] [Craft Scheduler Thread - 5 - ModelEngine/INFO]: [ModelEngine] [A] Importing Ezekiel.bbmodel.
[17:57:43] [Craft Scheduler Thread - 14 - ItemsAdder/INFO]: ItemsAdder) [Content] Loaded 323 items
[17:57:43] [Craft Scheduler Thread - 14 - ItemsAdder/INFO]: ItemsAdder) Used Blocks IDs:
[17:57:43] [Craft Scheduler Thread - 14 - ItemsAdder/INFO]: ItemsAdder)  - REAL 0/188
[17:57:43] [Craft Scheduler Thread - 14 - ItemsAdder/INFO]: ItemsAdder)  - REAL_NOTE 29/750
[17:57:43] [Craft Scheduler Thread - 14 - ItemsAdder/INFO]: ItemsAdder)  - REAL_TRANSPARENT 0/63
[17:57:43] [Craft Scheduler Thread - 14 - ItemsAdder/INFO]: ItemsAdder) Used Font Images: 700/6608
[17:57:43] [Server thread/INFO]: [PlaceholderAPI] An update for PlaceholderAPI (v2.12.2) is available at:
[17:57:43] [Server thread/INFO]: [PlaceholderAPI] https://www.spigotmc.org/resources/placeholderapi.6245/
[17:57:43] [Server thread/INFO]: [Craftorithm] Detected a new version 1.10.25, please update to the latest version promptly!
[17:57:43] [Craft Scheduler Thread - 14 - ItemsAdder/INFO]: ItemsAdder) [Content] Loaded 9 categories
[17:57:43] [Craft Scheduler Thread - 5 - ModelEngine/INFO]: [ModelEngine] [A] 
[17:57:43] [Craft Scheduler Thread - 5 - ModelEngine/INFO]: [ModelEngine] [A] Importing bl_fire_elemental.bbmodel.
[17:57:43] [Craft Scheduler Thread - 14 - ItemsAdder/INFO]: ItemsAdder) [Content] Contents loaded successfully!
[17:57:43] [Craft Scheduler Thread - 18 - DecentHolograms/INFO]: [DecentHolograms] Loaded 8 holograms!
[17:57:43] [Craft Scheduler Thread - 5 - ModelEngine/INFO]: [ModelEngine] [A] 
[17:57:43] [Craft Scheduler Thread - 5 - ModelEngine/INFO]: [ModelEngine] [A] Importing bl_fire_elemental_blessed.bbmodel.
[17:57:43] [Craft Scheduler Thread - 5 - ModelEngine/INFO]: [ModelEngine] [A] 
[17:57:43] [Craft Scheduler Thread - 5 - ModelEngine/INFO]: [ModelEngine] [A] Importing bl_flying_spider.bbmodel.
[17:57:43] [Craft Scheduler Thread - 5 - ModelEngine/INFO]: [ModelEngine] [A] 
[17:57:43] [Craft Scheduler Thread - 5 - ModelEngine/INFO]: [ModelEngine] [A] Importing bl_flying_spider_waves.bbmodel.
[17:57:44] [Craft Scheduler Thread - 5 - ModelEngine/INFO]: [ModelEngine] [A] 
[17:57:44] [Craft Scheduler Thread - 5 - ModelEngine/INFO]: [ModelEngine] [A] Importing bl_ice_elemental.bbmodel.
[17:57:44] [Server thread/INFO]: [Craftorithm] Plugin loaded successfully.
[17:57:44] [Server thread/INFO]: [PlaceholderAPI] Successfully registered internal expansion: img [1.0.1]
[17:57:44] [Server thread/INFO]: [PlaceholderAPI] Successfully registered internal expansion: iaplayerstat [1.0.1]
[17:57:44] [Craft Scheduler Thread - 5 - ModelEngine/INFO]: [ModelEngine] [A] 
[17:57:44] [Craft Scheduler Thread - 5 - ModelEngine/INFO]: [ModelEngine] [A] Importing bl_ice_elemental_arrow.bbmodel.
[17:57:44] [Craft Scheduler Thread - 5 - ModelEngine/INFO]: [ModelEngine] [A] 
[17:57:44] [Craft Scheduler Thread - 5 - ModelEngine/INFO]: [ModelEngine] [A] Importing bl_ice_elemental_blessed.bbmodel.
[17:57:44] [Craft Scheduler Thread - 5 - ModelEngine/INFO]: [ModelEngine] [A] 
[17:57:44] [Craft Scheduler Thread - 5 - ModelEngine/INFO]: [ModelEngine] [A] Importing bl_shadow_spider.bbmodel.
[17:57:44] [Server thread/INFO]: [Craftorithm] Found ItemsAdder, hooked successfully.
[17:57:44] [Server thread/INFO]: [Craftorithm] Found MythicMobs, hooked successfully.
[17:57:44] [Craft Scheduler Thread - 5 - ModelEngine/INFO]: [ModelEngine] [A] 
[17:57:44] [Craft Scheduler Thread - 5 - ModelEngine/INFO]: [ModelEngine] [A] Importing bl_toxin_spider.bbmodel.
[17:57:44] [Server thread/INFO]: Done (100.247s)! For help, type "help"
[17:57:44] [Server thread/INFO]: Timings Reset
[17:57:44] [Craft Scheduler Thread - 5 - ModelEngine/INFO]: [ModelEngine] [A] 
[17:57:44] [Craft Scheduler Thread - 5 - ModelEngine/INFO]: [ModelEngine] [A] Importing bl_toxin_spider_projectile.bbmodel.
[17:57:44] [Craft Scheduler Thread - 5 - ModelEngine/INFO]: [ModelEngine] [A] 
[17:57:44] [Craft Scheduler Thread - 5 - ModelEngine/INFO]: [ModelEngine] [A] Importing bl_toxin_spider_projectile_end.bbmodel.
[17:57:44] [Craft Scheduler Thread - 5 - ModelEngine/INFO]: [ModelEngine] [A] 
[17:57:44] [Craft Scheduler Thread - 5 - ModelEngine/INFO]: [ModelEngine] [A] Importing bl_toxin_spider_web.bbmodel.
[17:57:44] [Craft Scheduler Thread - 5 - ModelEngine/INFO]: [ModelEngine] [A] 
[17:57:44] [Craft Scheduler Thread - 5 - ModelEngine/INFO]: [ModelEngine] [A] Importing bs_cc_elephant.bbmodel.
[17:57:44] [Craft Scheduler Thread - 5 - ModelEngine/INFO]: [ModelEngine] [A] 
[17:57:44] [Craft Scheduler Thread - 5 - ModelEngine/INFO]: [ModelEngine] [A] Importing bs_cc_hippo.bbmodel.
[17:57:44] [Server thread/INFO]: [PlaceholderAPI] Successfully registered internal expansion: quests [3.15.2-b216e2b]
[17:57:44] [Craft Scheduler Thread - 5 - ModelEngine/INFO]: [ModelEngine] [A] 
[17:57:44] [Craft Scheduler Thread - 5 - ModelEngine/INFO]: [ModelEngine] [A] Importing bs_cc_rhino.bbmodel.
[17:57:44] [Craft Scheduler Thread - 5 - ModelEngine/INFO]: [ModelEngine] [A] 
[17:57:44] [Craft Scheduler Thread - 5 - ModelEngine/INFO]: [ModelEngine] [A] Importing cauldron_of_death.bbmodel.
[17:57:44] [Server thread/INFO]: [Quests] Successfully hooked into XConomy economy.
[17:57:44] [Craft Scheduler Thread - 5 - ModelEngine/INFO]: [ModelEngine] [A] 
[17:57:44] [Craft Scheduler Thread - 5 - ModelEngine/INFO]: [ModelEngine] [A] Importing cauldron_of_death_pet.bbmodel.
[17:57:44] [Craft Scheduler Thread - 10 - Essentials/WARN]: [Essentials] You're 162 EssentialsX dev build(s) out of date!
[17:57:44] [Craft Scheduler Thread - 10 - Essentials/WARN]: [Essentials] Download it here: https://essentialsx.net/downloads.html
[17:57:44] [Craft Scheduler Thread - 5 - ModelEngine/INFO]: [ModelEngine] [A] 
[17:57:44] [Craft Scheduler Thread - 5 - ModelEngine/INFO]: [ModelEngine] [A] Importing concussion.bbmodel.
[17:57:44] [Craft Scheduler Thread - 5 - ModelEngine/WARN]: [ModelEngine] [A] --Warning: Missing hitbox.
[17:57:44] [Craft Scheduler Thread - 5 - ModelEngine/WARN]: [ModelEngine] [A] --Warning: The cube cube in bone concussionring3 has illegal rotations. Cube rotation can only be -45, -22.5, 0, 22.5 and 45. [ 9.541664367526768E-15 ]
[17:57:44] [Craft Scheduler Thread - 5 - ModelEngine/WARN]: [ModelEngine] [A] --Warning: The cube cube in bone concussionring3 has illegal rotations. Cube rotation can only be -45, -22.5, 0, 22.5 and 45. [ 9.541664367526768E-15 ]
[17:57:44] [Craft Scheduler Thread - 5 - ModelEngine/WARN]: [ModelEngine] [A] --Warning: The cube cube in bone concussionring3 has illegal rotations. Cube rotation can only be -45, -22.5, 0, 22.5 and 45. [ -9.541664367526768E-15 ]
[17:57:44] [Craft Scheduler Thread - 5 - ModelEngine/WARN]: [ModelEngine] [A] --Warning: The cube cube in bone concussionring3 has illegal rotations. Cube rotation can only be -45, -22.5, 0, 22.5 and 45. [ 9.541664367526768E-15 ]
[17:57:44] [Craft Scheduler Thread - 5 - ModelEngine/WARN]: [ModelEngine] [A] --Warning: The cube cube in bone concussionring2 has illegal rotations. Cube rotation can only be -45, -22.5, 0, 22.5 and 45. [ 9.541664367526768E-15 ]
[17:57:44] [Craft Scheduler Thread - 5 - ModelEngine/WARN]: [ModelEngine] [A] --Warning: The cube cube in bone concussionring2 has illegal rotations. Cube rotation can only be -45, -22.5, 0, 22.5 and 45. [ 9.541664367526768E-15 ]
[17:57:44] [Craft Scheduler Thread - 5 - ModelEngine/WARN]: [ModelEngine] [A] --Warning: The cube cube in bone concussionring2 has illegal rotations. Cube rotation can only be -45, -22.5, 0, 22.5 and 45. [ -9.541664367526768E-15 ]
[17:57:44] [Craft Scheduler Thread - 5 - ModelEngine/WARN]: [ModelEngine] [A] --Warning: The cube cube in bone concussionring2 has illegal rotations. Cube rotation can only be -45, -22.5, 0, 22.5 and 45. [ 9.541664367526768E-15 ]
[17:57:44] [Craft Scheduler Thread - 5 - ModelEngine/INFO]: [ModelEngine] [A] 
[17:57:44] [Craft Scheduler Thread - 5 - ModelEngine/INFO]: [ModelEngine] [A] Importing echo_enshrouder.bbmodel.
[17:57:44] [Craft Scheduler Thread - 14 - ItemsAdder/INFO]: ItemsAdder) [Pack] Resourcepack URL is valid (lobfile). URL: https://lobfile.com/file/Cyezy9PW.zip
[17:57:44] [Craft Scheduler Thread - 5 - ModelEngine/INFO]: [ModelEngine] [A] 
[17:57:44] [Craft Scheduler Thread - 5 - ModelEngine/INFO]: [ModelEngine] [A] Importing end_scuttler.bbmodel.
[17:57:44] [Craft Scheduler Thread - 14 - ItemsAdder/INFO]: ItemsAdder) ResourcePack
[17:57:44] [Craft Scheduler Thread - 14 - ItemsAdder/INFO]: ItemsAdder)  - Path: /servidor_minecraft/plugins/ItemsAdder/output/generated.zip
[17:57:44] [Craft Scheduler Thread - 14 - ItemsAdder/INFO]: ItemsAdder)  - Download: https://lobfile.com/file/Cyezy9PW.zip
[17:57:44] [Craft Scheduler Thread - 5 - ModelEngine/INFO]: [ModelEngine] [A] 
[17:57:44] [Craft Scheduler Thread - 5 - ModelEngine/INFO]: [ModelEngine] [A] Importing end_seeker.bbmodel.
[17:57:44] [Craft Scheduler Thread - 14 - ItemsAdder/INFO]: ItemsAdder)  - Size: 7 MB/250 MB (3%)
[17:57:44] [Craft Scheduler Thread - 5 - ModelEngine/INFO]: [ModelEngine] [A] 
[17:57:44] [Craft Scheduler Thread - 5 - ModelEngine/INFO]: [ModelEngine] [A] Importing ender_clam.bbmodel.
[17:57:44] [Craft Scheduler Thread - 5 - ModelEngine/INFO]: [ModelEngine] [A] 
[17:57:44] [Craft Scheduler Thread - 5 - ModelEngine/INFO]: [ModelEngine] [A] Importing ender_hammerhead.bbmodel.
[17:57:44] [Server thread/INFO]: [Quests] 47 task types have been registered.
[17:57:44] [Craft Scheduler Thread - 5 - ModelEngine/INFO]: [ModelEngine] [A] 
[17:57:44] [Craft Scheduler Thread - 5 - ModelEngine/INFO]: [ModelEngine] [A] Importing ender_ripper.bbmodel.
[17:57:44] [Craft Scheduler Thread - 5 - ModelEngine/INFO]: [ModelEngine] [A] 
[17:57:44] [Craft Scheduler Thread - 5 - ModelEngine/INFO]: [ModelEngine] [A] Importing ender_slime.bbmodel.
[17:57:44] [Craft Scheduler Thread - 5 - ModelEngine/INFO]: [ModelEngine] [A] 
[17:57:44] [Craft Scheduler Thread - 5 - ModelEngine/INFO]: [ModelEngine] [A] Importing ender_slime_small.bbmodel.
[17:57:44] [Craft Scheduler Thread - 5 - ModelEngine/INFO]: [ModelEngine] [A] 
[17:57:44] [Craft Scheduler Thread - 5 - ModelEngine/INFO]: [ModelEngine] [A] Importing ender_witch.bbmodel.
[17:57:44] [Craft Scheduler Thread - 5 - ModelEngine/INFO]: [ModelEngine] [A] 
[17:57:44] [Craft Scheduler Thread - 5 - ModelEngine/INFO]: [ModelEngine] [A] Importing gigas.bbmodel.
[17:57:45] [Server thread/INFO]: [Quests] 0 quest items have been registered.
[17:57:45] [Craft Scheduler Thread - 5 - ModelEngine/INFO]: [ModelEngine] [A] 
[17:57:45] [Craft Scheduler Thread - 5 - ModelEngine/INFO]: [ModelEngine] [A] Importing gigasbabyblue.bbmodel.
[17:57:45] [Craft Scheduler Thread - 5 - ModelEngine/INFO]: [ModelEngine] [A] 
[17:57:45] [Craft Scheduler Thread - 5 - ModelEngine/INFO]: [ModelEngine] [A] Importing gigasbabyred.bbmodel.
[17:57:45] [Craft Scheduler Thread - 5 - ModelEngine/INFO]: [ModelEngine] [A] 
[17:57:45] [Craft Scheduler Thread - 5 - ModelEngine/INFO]: [ModelEngine] [A] Importing groundshake.bbmodel.
[17:57:45] [Craft Scheduler Thread - 5 - ModelEngine/INFO]: [ModelEngine] [A] 
[17:57:45] [Craft Scheduler Thread - 5 - ModelEngine/INFO]: [ModelEngine] [A] Importing heavy_dust_cloud.bbmodel.
[17:57:45] [Craft Scheduler Thread - 5 - ModelEngine/INFO]: [ModelEngine] [A] 
[17:57:45] [Craft Scheduler Thread - 5 - ModelEngine/INFO]: [ModelEngine] [A] Importing ice_creeper.bbmodel.
[17:57:45] [Craft Scheduler Thread - 5 - ModelEngine/INFO]: [ModelEngine] [A] 
[17:57:45] [Craft Scheduler Thread - 5 - ModelEngine/INFO]: [ModelEngine] [A] Importing ice_skeleton.bbmodel.
[17:57:45] [Craft Scheduler Thread - 5 - ModelEngine/WARN]: [ModelEngine] [A] --Warning: The cube cube in bone right_arm has illegal rotations. Cube rotation can only be -45, -22.5, 0, 22.5 and 45. [ -67.5 ]
[17:57:45] [Craft Scheduler Thread - 5 - ModelEngine/INFO]: [ModelEngine] [A] 
[17:57:45] [Craft Scheduler Thread - 5 - ModelEngine/INFO]: [ModelEngine] [A] Importing ice_spider.bbmodel.
[17:57:45] [Craft Scheduler Thread - 5 - ModelEngine/INFO]: [ModelEngine] [A] 
[17:57:45] [Craft Scheduler Thread - 5 - ModelEngine/INFO]: [ModelEngine] [A] Importing ice_zombie.bbmodel.
[17:57:45] [Craft Scheduler Thread - 5 - ModelEngine/WARN]: [ModelEngine] [A] --Warning: The cube cube in bone ice_right_arm is rotated in multiple axis. Choosing one axis.
[17:57:45] [Craft Scheduler Thread - 5 - ModelEngine/WARN]: [ModelEngine] [A] --Warning: The cube cube in bone ice_right_arm has illegal rotations. Cube rotation can only be -45, -22.5, 0, 22.5 and 45. [ 67.5 ]
[17:57:45] [Craft Scheduler Thread - 5 - ModelEngine/INFO]: [ModelEngine] [A] 
[17:57:45] [Craft Scheduler Thread - 5 - ModelEngine/INFO]: [ModelEngine] [A] Importing kriger.bbmodel.
[17:57:45] [Craft Scheduler Thread - 5 - ModelEngine/WARN]: [ModelEngine] [A] --Warning: The cube cube in bone left_leg has illegal rotations. Cube rotation can only be -45, -22.5, 0, 22.5 and 45. [ 3.1805547185895103E-15 ]
[17:57:45] [Craft Scheduler Thread - 5 - ModelEngine/WARN]: [ModelEngine] [A] --Warning: The cube cube in bone right_leg has illegal rotations. Cube rotation can only be -45, -22.5, 0, 22.5 and 45. [ 3.1805547185895103E-15 ]
[17:57:45] [Craft Scheduler Thread - 5 - ModelEngine/WARN]: [ModelEngine] [A] --Warning: The cube cube in bone torsotop has illegal rotations. Cube rotation can only be -45, -22.5, 0, 22.5 and 45. [ 3.1805547185895103E-15 ]
[17:57:45] [Craft Scheduler Thread - 5 - ModelEngine/WARN]: [ModelEngine] [A] --Warning: The cube cube in bone torsotop has illegal rotations. Cube rotation can only be -45, -22.5, 0, 22.5 and 45. [ 3.1805547185895103E-15 ]
[17:57:45] [Craft Scheduler Thread - 5 - ModelEngine/WARN]: [ModelEngine] [A] --Warning: The cube cube in bone torsotop has illegal rotations. Cube rotation can only be -45, -22.5, 0, 22.5 and 45. [ 3.1805547185895103E-15 ]
[17:57:45] [Craft Scheduler Thread - 5 - ModelEngine/WARN]: [ModelEngine] [A] --Warning: The cube cube in bone torsotop has illegal rotations. Cube rotation can only be -45, -22.5, 0, 22.5 and 45. [ 3.1805547185895103E-15 ]
[17:57:45] [Craft Scheduler Thread - 5 - ModelEngine/WARN]: [ModelEngine] [A] --Warning: The cube cube in bone left_shin has illegal rotations. Cube rotation can only be -45, -22.5, 0, 22.5 and 45. [ 3.1805547185895103E-15 ]
[17:57:45] [Craft Scheduler Thread - 5 - ModelEngine/WARN]: [ModelEngine] [A] --Warning: The cube cube in bone left_shin has illegal rotations. Cube rotation can only be -45, -22.5, 0, 22.5 and 45. [ 3.1805547185895103E-15 ]
[17:57:45] [Craft Scheduler Thread - 5 - ModelEngine/WARN]: [ModelEngine] [A] --Warning: The cube cube in bone right_shin has illegal rotations. Cube rotation can only be -45, -22.5, 0, 22.5 and 45. [ 3.1805547185895103E-15 ]
[17:57:45] [Craft Scheduler Thread - 5 - ModelEngine/WARN]: [ModelEngine] [A] --Warning: The cube cube in bone right_shin has illegal rotations. Cube rotation can only be -45, -22.5, 0, 22.5 and 45. [ 3.1805547185895103E-15 ]
[17:57:45] [Craft Scheduler Thread - 5 - ModelEngine/WARN]: [ModelEngine] [A] --Warning: The cube cube in bone right_hand2 has illegal rotations. Cube rotation can only be -45, -22.5, 0, 22.5 and 45. [ -67.5 ]
[17:57:45] [Craft Scheduler Thread - 5 - ModelEngine/WARN]: [ModelEngine] [A] --Warning: The cube cube in bone left_hand2 has illegal rotations. Cube rotation can only be -45, -22.5, 0, 22.5 and 45. [ 67.5 ]
[17:57:45] [Craft Scheduler Thread - 5 - ModelEngine/WARN]: [ModelEngine] [A] --Warning: The cube cube in bone left_foot has illegal rotations. Cube rotation can only be -45, -22.5, 0, 22.5 and 45. [ 3.1805547185895103E-15 ]
[17:57:45] [Craft Scheduler Thread - 5 - ModelEngine/WARN]: [ModelEngine] [A] --Warning: The cube cube in bone right_foot has illegal rotations. Cube rotation can only be -45, -22.5, 0, 22.5 and 45. [ 3.1805547185895103E-15 ]
[17:57:45] [Craft Scheduler Thread - 5 - ModelEngine/WARN]: [ModelEngine] [A] --Warning: The cube cube in bone right_hand has illegal rotations. Cube rotation can only be -45, -22.5, 0, 22.5 and 45. [ 3.1805547185895103E-15 ]
[17:57:45] [Craft Scheduler Thread - 5 - ModelEngine/WARN]: [ModelEngine] [A] --Warning: The cube cube in bone right_hand has illegal rotations. Cube rotation can only be -45, -22.5, 0, 22.5 and 45. [ 3.1805547185895103E-15 ]
[17:57:45] [Craft Scheduler Thread - 5 - ModelEngine/WARN]: [ModelEngine] [A] --Warning: The cube cube in bone right_hand has illegal rotations. Cube rotation can only be -45, -22.5, 0, 22.5 and 45. [ 3.1805547185895103E-15 ]
[17:57:45] [Craft Scheduler Thread - 5 - ModelEngine/WARN]: [ModelEngine] [A] --Warning: The cube cube in bone right_hand has illegal rotations. Cube rotation can only be -45, -22.5, 0, 22.5 and 45. [ 3.1805547185895103E-15 ]
[17:57:45] [Craft Scheduler Thread - 5 - ModelEngine/WARN]: [ModelEngine] [A] --Warning: The cube cube in bone right_hand has illegal rotations. Cube rotation can only be -45, -22.5, 0, 22.5 and 45. [ 3.1805547185895103E-15 ]
[17:57:45] [Craft Scheduler Thread - 5 - ModelEngine/WARN]: [ModelEngine] [A] --Warning: The cube cube in bone right_hand has illegal rotations. Cube rotation can only be -45, -22.5, 0, 22.5 and 45. [ 3.1805547185895103E-15 ]
[17:57:45] [Craft Scheduler Thread - 5 - ModelEngine/WARN]: [ModelEngine] [A] --Warning: The cube cube in bone right_hand has illegal rotations. Cube rotation can only be -45, -22.5, 0, 22.5 and 45. [ 3.1805547185895103E-15 ]
[17:57:45] [Craft Scheduler Thread - 5 - ModelEngine/WARN]: [ModelEngine] [A] --Warning: The cube cube in bone right_hand has illegal rotations. Cube rotation can only be -45, -22.5, 0, 22.5 and 45. [ 3.1805547185895103E-15 ]
[17:57:45] [Craft Scheduler Thread - 5 - ModelEngine/WARN]: [ModelEngine] [A] --Warning: The cube cube in bone right_hand has illegal rotations. Cube rotation can only be -45, -22.5, 0, 22.5 and 45. [ 3.1805547185895103E-15 ]
[17:57:45] [Craft Scheduler Thread - 5 - ModelEngine/WARN]: [ModelEngine] [A] --Warning: The cube cube in bone left_hand has illegal rotations. Cube rotation can only be -45, -22.5, 0, 22.5 and 45. [ -3.1805547185895103E-15 ]
[17:57:45] [Craft Scheduler Thread - 5 - ModelEngine/WARN]: [ModelEngine] [A] --Warning: The cube cube in bone left_hand has illegal rotations. Cube rotation can only be -45, -22.5, 0, 22.5 and 45. [ -3.1805547185895103E-15 ]
[17:57:45] [Craft Scheduler Thread - 5 - ModelEngine/WARN]: [ModelEngine] [A] --Warning: The cube cube in bone left_hand has illegal rotations. Cube rotation can only be -45, -22.5, 0, 22.5 and 45. [ -3.1805547185895103E-15 ]
[17:57:45] [Craft Scheduler Thread - 5 - ModelEngine/WARN]: [ModelEngine] [A] --Warning: The cube cube in bone left_hand has illegal rotations. Cube rotation can only be -45, -22.5, 0, 22.5 and 45. [ -3.1805547185895103E-15 ]
[17:57:45] [Craft Scheduler Thread - 5 - ModelEngine/WARN]: [ModelEngine] [A] --Warning: The cube cube in bone left_hand has illegal rotations. Cube rotation can only be -45, -22.5, 0, 22.5 and 45. [ -3.1805547185895103E-15 ]
[17:57:45] [Craft Scheduler Thread - 5 - ModelEngine/WARN]: [ModelEngine] [A] --Warning: The cube cube in bone left_hand has illegal rotations. Cube rotation can only be -45, -22.5, 0, 22.5 and 45. [ -3.1805547185895103E-15 ]
[17:57:45] [Craft Scheduler Thread - 5 - ModelEngine/WARN]: [ModelEngine] [A] --Warning: The cube cube in bone left_hand has illegal rotations. Cube rotation can only be -45, -22.5, 0, 22.5 and 45. [ -3.1805547185895103E-15 ]
[17:57:45] [Craft Scheduler Thread - 5 - ModelEngine/WARN]: [ModelEngine] [A] --Warning: The cube cube in bone left_hand has illegal rotations. Cube rotation can only be -45, -22.5, 0, 22.5 and 45. [ -3.1805547185895103E-15 ]
[17:57:45] [Craft Scheduler Thread - 5 - ModelEngine/WARN]: [ModelEngine] [A] --Warning: The cube cube in bone left_hand has illegal rotations. Cube rotation can only be -45, -22.5, 0, 22.5 and 45. [ -3.1805547185895103E-15 ]
[17:57:45] [Craft Scheduler Thread - 5 - ModelEngine/INFO]: [ModelEngine] [A] 
[17:57:45] [Craft Scheduler Thread - 5 - ModelEngine/INFO]: [ModelEngine] [A] Importing kriger_parts.bbmodel.
[17:57:45] [Craft Scheduler Thread - 5 - ModelEngine/WARN]: [ModelEngine] [A] --Warning: Missing hitbox.
[17:57:45] [Craft Scheduler Thread - 5 - ModelEngine/WARN]: [ModelEngine] [A] --Warning: The cube cube in bone right_hand2 has illegal rotations. Cube rotation can only be -45, -22.5, 0, 22.5 and 45. [ -67.5 ]
[17:57:45] [Craft Scheduler Thread - 5 - ModelEngine/WARN]: [ModelEngine] [A] --Warning: The cube cube in bone right_hand3 has illegal rotations. Cube rotation can only be -45, -22.5, 0, 22.5 and 45. [ -67.5 ]
[17:57:45] [Craft Scheduler Thread - 5 - ModelEngine/WARN]: [ModelEngine] [A] --Warning: The cube cube in bone left_hand2 has illegal rotations. Cube rotation can only be -45, -22.5, 0, 22.5 and 45. [ 67.5 ]
[17:57:45] [Craft Scheduler Thread - 5 - ModelEngine/WARN]: [ModelEngine] [A] --Warning: The cube cube in bone left_hand3 has illegal rotations. Cube rotation can only be -45, -22.5, 0, 22.5 and 45. [ 67.5 ]
[17:57:45] [Craft Scheduler Thread - 5 - ModelEngine/WARN]: [ModelEngine] [A] --Warning: The cube cube in bone right_hand has illegal rotations. Cube rotation can only be -45, -22.5, 0, 22.5 and 45. [ 3.1805547185895103E-15 ]
[17:57:45] [Craft Scheduler Thread - 5 - ModelEngine/WARN]: [ModelEngine] [A] --Warning: The cube cube in bone right_hand has illegal rotations. Cube rotation can only be -45, -22.5, 0, 22.5 and 45. [ -3.1805547185895103E-15 ]
[17:57:45] [Craft Scheduler Thread - 5 - ModelEngine/WARN]: [ModelEngine] [A] --Warning: The cube cube in bone right_hand has illegal rotations. Cube rotation can only be -45, -22.5, 0, 22.5 and 45. [ 3.1805547185895103E-15 ]
[17:57:45] [Craft Scheduler Thread - 5 - ModelEngine/WARN]: [ModelEngine] [A] --Warning: The cube cube in bone right_hand has illegal rotations. Cube rotation can only be -45, -22.5, 0, 22.5 and 45. [ 3.1805547185895103E-15 ]
[17:57:45] [Craft Scheduler Thread - 5 - ModelEngine/WARN]: [ModelEngine] [A] --Warning: The cube cube in bone right_hand has illegal rotations. Cube rotation can only be -45, -22.5, 0, 22.5 and 45. [ 3.1805547185895103E-15 ]
[17:57:45] [Craft Scheduler Thread - 5 - ModelEngine/WARN]: [ModelEngine] [A] --Warning: The cube cube in bone right_hand has illegal rotations. Cube rotation can only be -45, -22.5, 0, 22.5 and 45. [ 3.1805547185895103E-15 ]
[17:57:45] [Craft Scheduler Thread - 5 - ModelEngine/WARN]: [ModelEngine] [A] --Warning: The cube cube in bone right_hand has illegal rotations. Cube rotation can only be -45, -22.5, 0, 22.5 and 45. [ 3.1805547185895103E-15 ]
[17:57:45] [Craft Scheduler Thread - 5 - ModelEngine/WARN]: [ModelEngine] [A] --Warning: The cube cube in bone right_hand has illegal rotations. Cube rotation can only be -45, -22.5, 0, 22.5 and 45. [ 3.1805547185895103E-15 ]
[17:57:45] [Craft Scheduler Thread - 5 - ModelEngine/WARN]: [ModelEngine] [A] --Warning: The cube cube in bone right_hand has illegal rotations. Cube rotation can only be -45, -22.5, 0, 22.5 and 45. [ 3.1805547185895103E-15 ]
[17:57:45] [Craft Scheduler Thread - 5 - ModelEngine/WARN]: [ModelEngine] [A] --Warning: The cube cube in bone right_hand has illegal rotations. Cube rotation can only be -45, -22.5, 0, 22.5 and 45. [ 3.1805547185895103E-15 ]
[17:57:45] [Craft Scheduler Thread - 5 - ModelEngine/WARN]: [ModelEngine] [A] --Warning: The cube cube in bone left_hand has illegal rotations. Cube rotation can only be -45, -22.5, 0, 22.5 and 45. [ -3.1805547185895103E-15 ]
[17:57:45] [Craft Scheduler Thread - 5 - ModelEngine/WARN]: [ModelEngine] [A] --Warning: The cube cube in bone left_hand has illegal rotations. Cube rotation can only be -45, -22.5, 0, 22.5 and 45. [ -3.1805547185895103E-15 ]
[17:57:45] [Craft Scheduler Thread - 5 - ModelEngine/WARN]: [ModelEngine] [A] --Warning: The cube cube in bone left_hand has illegal rotations. Cube rotation can only be -45, -22.5, 0, 22.5 and 45. [ -3.1805547185895103E-15 ]
[17:57:45] [Craft Scheduler Thread - 5 - ModelEngine/WARN]: [ModelEngine] [A] --Warning: The cube cube in bone left_hand has illegal rotations. Cube rotation can only be -45, -22.5, 0, 22.5 and 45. [ -3.1805547185895103E-15 ]
[17:57:45] [Craft Scheduler Thread - 5 - ModelEngine/WARN]: [ModelEngine] [A] --Warning: The cube cube in bone left_hand has illegal rotations. Cube rotation can only be -45, -22.5, 0, 22.5 and 45. [ -3.1805547185895103E-15 ]
[17:57:45] [Craft Scheduler Thread - 5 - ModelEngine/WARN]: [ModelEngine] [A] --Warning: The cube cube in bone left_hand has illegal rotations. Cube rotation can only be -45, -22.5, 0, 22.5 and 45. [ -3.1805547185895103E-15 ]
[17:57:45] [Craft Scheduler Thread - 5 - ModelEngine/WARN]: [ModelEngine] [A] --Warning: The cube cube in bone left_hand has illegal rotations. Cube rotation can only be -45, -22.5, 0, 22.5 and 45. [ 3.1805547185895103E-15 ]
[17:57:45] [Craft Scheduler Thread - 5 - ModelEngine/WARN]: [ModelEngine] [A] --Warning: The cube cube in bone left_hand has illegal rotations. Cube rotation can only be -45, -22.5, 0, 22.5 and 45. [ -3.1805547185895103E-15 ]
[17:57:45] [Craft Scheduler Thread - 5 - ModelEngine/WARN]: [ModelEngine] [A] --Warning: The cube cube in bone left_hand has illegal rotations. Cube rotation can only be -45, -22.5, 0, 22.5 and 45. [ -3.1805547185895103E-15 ]
[17:57:45] [Craft Scheduler Thread - 5 - ModelEngine/WARN]: [ModelEngine] [A] --Warning: The cube cube in bone left_hand has illegal rotations. Cube rotation can only be -45, -22.5, 0, 22.5 and 45. [ -3.1805547185895103E-15 ]
[17:57:45] [Craft Scheduler Thread - 5 - ModelEngine/WARN]: [ModelEngine] [A] --Warning: The cube cube in bone left_leg has illegal rotations. Cube rotation can only be -45, -22.5, 0, 22.5 and 45. [ 3.1805547185895103E-15 ]
[17:57:45] [Craft Scheduler Thread - 5 - ModelEngine/WARN]: [ModelEngine] [A] --Warning: The cube cube in bone left_leg has illegal rotations. Cube rotation can only be -45, -22.5, 0, 22.5 and 45. [ 3.1805547185895103E-15 ]
[17:57:45] [Craft Scheduler Thread - 5 - ModelEngine/WARN]: [ModelEngine] [A] --Warning: The cube cube in bone left_leg has illegal rotations. Cube rotation can only be -45, -22.5, 0, 22.5 and 45. [ 3.1805547185895103E-15 ]
[17:57:45] [Craft Scheduler Thread - 5 - ModelEngine/WARN]: [ModelEngine] [A] --Warning: The cube cube in bone right_leg has illegal rotations. Cube rotation can only be -45, -22.5, 0, 22.5 and 45. [ 3.1805547185895103E-15 ]
[17:57:45] [Craft Scheduler Thread - 5 - ModelEngine/WARN]: [ModelEngine] [A] --Warning: The cube cube in bone right_leg has illegal rotations. Cube rotation can only be -45, -22.5, 0, 22.5 and 45. [ 3.1805547185895103E-15 ]
[17:57:45] [Craft Scheduler Thread - 5 - ModelEngine/WARN]: [ModelEngine] [A] --Warning: The cube cube in bone right_leg has illegal rotations. Cube rotation can only be -45, -22.5, 0, 22.5 and 45. [ 3.1805547185895103E-15 ]
[17:57:45] [Craft Scheduler Thread - 5 - ModelEngine/WARN]: [ModelEngine] [A] --Warning: The cube cube in bone torsotop has illegal rotations. Cube rotation can only be -45, -22.5, 0, 22.5 and 45. [ 3.1805547185895103E-15 ]
[17:57:45] [Craft Scheduler Thread - 5 - ModelEngine/WARN]: [ModelEngine] [A] --Warning: The cube cube in bone torsotop has illegal rotations. Cube rotation can only be -45, -22.5, 0, 22.5 and 45. [ 3.1805547185895103E-15 ]
[17:57:45] [Craft Scheduler Thread - 5 - ModelEngine/WARN]: [ModelEngine] [A] --Warning: The cube cube in bone torsotop has illegal rotations. Cube rotation can only be -45, -22.5, 0, 22.5 and 45. [ 3.1805547185895103E-15 ]
[17:57:45] [Craft Scheduler Thread - 5 - ModelEngine/WARN]: [ModelEngine] [A] --Warning: The cube cube in bone torsotop has illegal rotations. Cube rotation can only be -45, -22.5, 0, 22.5 and 45. [ 3.1805547185895103E-15 ]
[17:57:45] [Craft Scheduler Thread - 5 - ModelEngine/WARN]: [ModelEngine] [A] --Warning: The cube cube in bone left_shin has illegal rotations. Cube rotation can only be -45, -22.5, 0, 22.5 and 45. [ 3.1805547185895103E-15 ]
[17:57:45] [Craft Scheduler Thread - 5 - ModelEngine/WARN]: [ModelEngine] [A] --Warning: The cube cube in bone left_shin has illegal rotations. Cube rotation can only be -45, -22.5, 0, 22.5 and 45. [ 3.1805547185895103E-15 ]
[17:57:45] [Craft Scheduler Thread - 5 - ModelEngine/WARN]: [ModelEngine] [A] --Warning: The cube cube in bone right_shin has illegal rotations. Cube rotation can only be -45, -22.5, 0, 22.5 and 45. [ 3.1805547185895103E-15 ]
[17:57:45] [Craft Scheduler Thread - 5 - ModelEngine/WARN]: [ModelEngine] [A] --Warning: The cube cube in bone right_shin has illegal rotations. Cube rotation can only be -45, -22.5, 0, 22.5 and 45. [ 3.1805547185895103E-15 ]
[17:57:45] [Craft Scheduler Thread - 5 - ModelEngine/WARN]: [ModelEngine] [A] --Warning: The cube cube in bone left_foot has illegal rotations. Cube rotation can only be -45, -22.5, 0, 22.5 and 45. [ 3.1805547185895103E-15 ]
[17:57:45] [Craft Scheduler Thread - 5 - ModelEngine/WARN]: [ModelEngine] [A] --Warning: The cube cube in bone right_foot has illegal rotations. Cube rotation can only be -45, -22.5, 0, 22.5 and 45. [ 3.1805547185895103E-15 ]
[17:57:45] [Craft Scheduler Thread - 5 - ModelEngine/INFO]: [ModelEngine] [A] 
[17:57:45] [Craft Scheduler Thread - 5 - ModelEngine/INFO]: [ModelEngine] [A] Importing nikolai_bag.bbmodel.
[17:57:45] [Craft Scheduler Thread - 5 - ModelEngine/INFO]: [ModelEngine] [A] 
[17:57:45] [Craft Scheduler Thread - 5 - ModelEngine/INFO]: [ModelEngine] [A] Importing nikolai_ice.bbmodel.
[17:57:45] [Craft Scheduler Thread - 5 - ModelEngine/INFO]: [ModelEngine] [A] 
[17:57:45] [Craft Scheduler Thread - 5 - ModelEngine/INFO]: [ModelEngine] [A] Importing nikolai_the_apostate.bbmodel.
[17:57:45] [Craft Scheduler Thread - 5 - ModelEngine/INFO]: [ModelEngine] [A] 
[17:57:45] [Craft Scheduler Thread - 5 - ModelEngine/INFO]: [ModelEngine] [A] Importing nocsy_cat1.bbmodel.
[17:57:45] [Craft Scheduler Thread - 5 - ModelEngine/INFO]: [ModelEngine] [A] 
[17:57:45] [Craft Scheduler Thread - 5 - ModelEngine/INFO]: [ModelEngine] [A] Importing nocsy_cat2.bbmodel.
[17:57:45] [Craft Scheduler Thread - 5 - ModelEngine/INFO]: [ModelEngine] [A] 
[17:57:45] [Craft Scheduler Thread - 5 - ModelEngine/INFO]: [ModelEngine] [A] Importing nocsy_cat3.bbmodel.
[17:57:45] [Craft Scheduler Thread - 5 - ModelEngine/INFO]: [ModelEngine] [A] 
[17:57:45] [Craft Scheduler Thread - 5 - ModelEngine/INFO]: [ModelEngine] [A] Importing nocsy_cat4.bbmodel.
[17:57:46] [Craft Scheduler Thread - 5 - ModelEngine/INFO]: [ModelEngine] [A] 
[17:57:46] [Craft Scheduler Thread - 5 - ModelEngine/INFO]: [ModelEngine] [A] Importing nocsy_cat5.bbmodel.
[17:57:46] [Craft Scheduler Thread - 5 - ModelEngine/INFO]: [ModelEngine] [A] 
[17:57:46] [Craft Scheduler Thread - 5 - ModelEngine/INFO]: [ModelEngine] [A] Importing nocsy_cat6.bbmodel.
[17:57:46] [Craft Scheduler Thread - 5 - ModelEngine/INFO]: [ModelEngine] [A] 
[17:57:46] [Craft Scheduler Thread - 5 - ModelEngine/INFO]: [ModelEngine] [A] Importing nocsy_cat_fallen.bbmodel.
[17:57:46] [Craft Scheduler Thread - 5 - ModelEngine/INFO]: [ModelEngine] [A] 
[17:57:46] [Craft Scheduler Thread - 5 - ModelEngine/INFO]: [ModelEngine] [A] Importing nocsy_icebear_boss.bbmodel.
[17:57:46] [Craft Scheduler Thread - 5 - ModelEngine/INFO]: [ModelEngine] [A] 
[17:57:46] [Craft Scheduler Thread - 5 - ModelEngine/INFO]: [ModelEngine] [A] Importing nocsy_icebear_claws.bbmodel.
[17:57:46] [Craft Scheduler Thread - 5 - ModelEngine/WARN]: [ModelEngine] [A] --Warning: Missing hitbox.
[17:57:46] [Craft Scheduler Thread - 5 - ModelEngine/INFO]: [ModelEngine] [A] 
[17:57:46] [Craft Scheduler Thread - 5 - ModelEngine/INFO]: [ModelEngine] [A] Importing nocsy_icebear_iceshard.bbmodel.
[17:57:46] [Craft Scheduler Thread - 5 - ModelEngine/WARN]: [ModelEngine] [A] --Warning: Missing hitbox.
[17:57:46] [Craft Scheduler Thread - 5 - ModelEngine/INFO]: [ModelEngine] [A] 
[17:57:46] [Craft Scheduler Thread - 5 - ModelEngine/INFO]: [ModelEngine] [A] Importing nocsy_thread_ball.bbmodel.
[17:57:46] [Craft Scheduler Thread - 5 - ModelEngine/INFO]: [ModelEngine] [A] 
[17:57:46] [Craft Scheduler Thread - 5 - ModelEngine/INFO]: [ModelEngine] [A] Importing plant_monster.bbmodel.
[17:57:46] [Craft Scheduler Thread - 5 - ModelEngine/INFO]: [ModelEngine] [A] 
[17:57:46] [Craft Scheduler Thread - 5 - ModelEngine/INFO]: [ModelEngine] [A] Importing poison_wisp.bbmodel.
[17:57:46] [Craft Scheduler Thread - 5 - ModelEngine/INFO]: [ModelEngine] [A] 
[17:57:46] [Craft Scheduler Thread - 5 - ModelEngine/INFO]: [ModelEngine] [A] Importing projectile.bbmodel.
[17:57:46] [Craft Scheduler Thread - 5 - ModelEngine/INFO]: [ModelEngine] [A] 
[17:57:46] [Craft Scheduler Thread - 5 - ModelEngine/INFO]: [ModelEngine] [A] Importing sculk_crabby.bbmodel.
[17:57:46] [Craft Scheduler Thread - 5 - ModelEngine/INFO]: [ModelEngine] [A] 
[17:57:46] [Craft Scheduler Thread - 5 - ModelEngine/INFO]: [ModelEngine] [A] Importing sculk_screamer.bbmodel.
[17:57:46] [Craft Scheduler Thread - 5 - ModelEngine/INFO]: [ModelEngine] [A] 
[17:57:46] [Craft Scheduler Thread - 5 - ModelEngine/INFO]: [ModelEngine] [A] Importing sculk_sentinel.bbmodel.
[17:57:47] [Craft Scheduler Thread - 5 - ModelEngine/INFO]: [ModelEngine] [A] 
[17:57:47] [Craft Scheduler Thread - 5 - ModelEngine/INFO]: [ModelEngine] [A] Importing sculk_spike.bbmodel.
[17:57:47] [Craft Scheduler Thread - 5 - ModelEngine/INFO]: [ModelEngine] [A] 
[17:57:47] [Craft Scheduler Thread - 5 - ModelEngine/INFO]: [ModelEngine] [A] Importing sculked_crustacean.bbmodel.
[17:57:47] [Craft Scheduler Thread - 5 - ModelEngine/INFO]: [ModelEngine] [A] 
[17:57:47] [Craft Scheduler Thread - 5 - ModelEngine/INFO]: [ModelEngine] [A] Importing shroud_of_darkness.bbmodel.
[17:57:47] [Craft Scheduler Thread - 5 - ModelEngine/INFO]: [ModelEngine] [A] 
[17:57:47] [Craft Scheduler Thread - 5 - ModelEngine/INFO]: [ModelEngine] [A] Importing skr_arbalist.bbmodel.
[17:57:47] [Craft Scheduler Thread - 5 - ModelEngine/INFO]: [ModelEngine] [A] 
[17:57:47] [Craft Scheduler Thread - 5 - ModelEngine/INFO]: [ModelEngine] [A] Importing skr_barebone.bbmodel.
[17:57:47] [Craft Scheduler Thread - 5 - ModelEngine/INFO]: [ModelEngine] [A] 
[17:57:47] [Craft Scheduler Thread - 5 - ModelEngine/INFO]: [ModelEngine] [A] Importing skr_berserker.bbmodel.
[17:57:47] [Craft Scheduler Thread - 5 - ModelEngine/INFO]: [ModelEngine] [A] 
[17:57:47] [Craft Scheduler Thread - 5 - ModelEngine/INFO]: [ModelEngine] [A] Importing skr_ranger.bbmodel.
[17:57:47] [Craft Scheduler Thread - 5 - ModelEngine/INFO]: [ModelEngine] [A] 
[17:57:47] [Craft Scheduler Thread - 5 - ModelEngine/INFO]: [ModelEngine] [A] Importing skr_skirmisher.bbmodel.
[17:57:47] [Craft Scheduler Thread - 5 - ModelEngine/INFO]: [ModelEngine] [A] 
[17:57:47] [Craft Scheduler Thread - 5 - ModelEngine/INFO]: [ModelEngine] [A] Importing skr_stray.bbmodel.
[17:57:47] [Craft Scheduler Thread - 5 - ModelEngine/INFO]: [ModelEngine] [A] 
[17:57:47] [Craft Scheduler Thread - 5 - ModelEngine/INFO]: [ModelEngine] [A] Importing skr_witherbone.bbmodel.
[17:57:47] [Craft Scheduler Thread - 5 - ModelEngine/INFO]: [ModelEngine] [A] 
[17:57:47] [Craft Scheduler Thread - 5 - ModelEngine/INFO]: [ModelEngine] [A] Importing snow_deer.bbmodel.
[17:57:47] [Craft Scheduler Thread - 5 - ModelEngine/INFO]: [ModelEngine] [A] 
[17:57:47] [Craft Scheduler Thread - 5 - ModelEngine/INFO]: [ModelEngine] [A] Importing soul_bearer.bbmodel.
[17:57:47] [Craft Scheduler Thread - 5 - ModelEngine/INFO]: [ModelEngine] [A] 
[17:57:47] [Craft Scheduler Thread - 5 - ModelEngine/INFO]: [ModelEngine] [A] Importing vfx_ender_laser.bbmodel.
[17:57:47] [Craft Scheduler Thread - 5 - ModelEngine/WARN]: [ModelEngine] [A] --Warning: Missing hitbox.
[17:57:47] [Craft Scheduler Thread - 5 - ModelEngine/INFO]: [ModelEngine] [A] 
[17:57:47] [Craft Scheduler Thread - 5 - ModelEngine/INFO]: [ModelEngine] [A] Importing vfx_ender_web.bbmodel.
[17:57:47] [Craft Scheduler Thread - 5 - ModelEngine/WARN]: [ModelEngine] [A] --Warning: Missing hitbox.
[17:57:47] [Craft Scheduler Thread - 5 - ModelEngine/INFO]: [ModelEngine] [A] 
[17:57:47] [Craft Scheduler Thread - 5 - ModelEngine/INFO]: [ModelEngine] [A] Importing void_beholder.bbmodel.
[17:57:47] [Craft Scheduler Thread - 5 - ModelEngine/INFO]: [ModelEngine] [A] 
[17:57:47] [Craft Scheduler Thread - 5 - ModelEngine/INFO]: [ModelEngine] [A] Importing wither_wisp.bbmodel.
[17:57:47] [Craft Scheduler Thread - 5 - ModelEngine/INFO]: [ModelEngine] [A] 
[17:57:47] [Craft Scheduler Thread - 5 - ModelEngine/INFO]: [ModelEngine] [A] Importing 1bit_elite_baby_blaze.bbmodel.
[17:57:47] [Craft Scheduler Thread - 5 - ModelEngine/WARN]: [ModelEngine] [A] --Warning: Missing hitbox.
[17:57:47] [Craft Scheduler Thread - 5 - ModelEngine/INFO]: [ModelEngine] [A] 
[17:57:47] [Craft Scheduler Thread - 5 - ModelEngine/INFO]: [ModelEngine] [A] Importing 1bit_elite_baby_blaze_sword.bbmodel.
[17:57:47] [Craft Scheduler Thread - 5 - ModelEngine/WARN]: [ModelEngine] [A] --Warning: Missing hitbox.
[17:57:47] [Craft Scheduler Thread - 5 - ModelEngine/INFO]: [ModelEngine] [A] 
[17:57:47] [Craft Scheduler Thread - 5 - ModelEngine/INFO]: [ModelEngine] [A] Importing 1bit_elite_blaze.bbmodel.
[17:57:47] [Craft Scheduler Thread - 5 - ModelEngine/INFO]: [ModelEngine] [A] 
[17:57:47] [Craft Scheduler Thread - 5 - ModelEngine/INFO]: [ModelEngine] [A] Importing 1bit_elite_blaze_sword.bbmodel.
[17:57:47] [Craft Scheduler Thread - 5 - ModelEngine/WARN]: [ModelEngine] [A] --Warning: Missing hitbox.
[17:57:48] [Craft Scheduler Thread - 5 - ModelEngine/INFO]: [ModelEngine] [A] 
[17:57:48] [Craft Scheduler Thread - 5 - ModelEngine/INFO]: [ModelEngine] [A] Importing 1bit_elite_baby_ghast.bbmodel.
[17:57:48] [Craft Scheduler Thread - 5 - ModelEngine/INFO]: [ModelEngine] [A] 
[17:57:48] [Craft Scheduler Thread - 5 - ModelEngine/INFO]: [ModelEngine] [A] Importing 1bit_elite_ghast.bbmodel.
[17:57:48] [Craft Scheduler Thread - 5 - ModelEngine/INFO]: [ModelEngine] [A] 
[17:57:48] [Craft Scheduler Thread - 5 - ModelEngine/INFO]: [ModelEngine] [A] Importing 1bit_elite_baby_piglin_brute.bbmodel.
[17:57:48] [Craft Scheduler Thread - 5 - ModelEngine/INFO]: [ModelEngine] [A] 
[17:57:48] [Craft Scheduler Thread - 5 - ModelEngine/INFO]: [ModelEngine] [A] Importing 1bit_elite_piglin_brute.bbmodel.
[17:57:48] [Craft Scheduler Thread - 5 - ModelEngine/INFO]: [ModelEngine] [A] 
[17:57:48] [Craft Scheduler Thread - 5 - ModelEngine/INFO]: [ModelEngine] [A] Importing 1bit_elite_baby_pillager.bbmodel.
[17:57:48] [Craft Scheduler Thread - 5 - ModelEngine/INFO]: [ModelEngine] [A] 
[17:57:48] [Craft Scheduler Thread - 5 - ModelEngine/INFO]: [ModelEngine] [A] Importing 1bit_elite_pillager.bbmodel.
[17:57:48] [Craft Scheduler Thread - 5 - ModelEngine/INFO]: [ModelEngine] [A] 
[17:57:48] [Craft Scheduler Thread - 5 - ModelEngine/INFO]: [ModelEngine] [A] Importing 1bit_elite_baby_zombified_piglin.bbmodel.
[17:57:48] [Craft Scheduler Thread - 5 - ModelEngine/INFO]: [ModelEngine] [A] 
[17:57:48] [Craft Scheduler Thread - 5 - ModelEngine/INFO]: [ModelEngine] [A] Importing 1bit_elite_zombified_piglin.bbmodel.
[17:57:48] [Craft Scheduler Thread - 5 - ModelEngine/INFO]: [ModelEngine] [A] 
[17:57:48] [Craft Scheduler Thread - 5 - ModelEngine/INFO]: [ModelEngine] [A] Importing cointoss.bbmodel.
[17:57:48] [Craft Scheduler Thread - 5 - ModelEngine/WARN]: [ModelEngine] [A] --Warning: Missing hitbox.
[17:57:48] [Craft Scheduler Thread - 5 - ModelEngine/INFO]: [ModelEngine] [A] 
[17:57:48] [Craft Scheduler Thread - 5 - ModelEngine/INFO]: [ModelEngine] [A] Importing concussion.bbmodel.
[17:57:48] [Craft Scheduler Thread - 5 - ModelEngine/WARN]: [ModelEngine] [A] --Warning: Missing hitbox.
[17:57:48] [Craft Scheduler Thread - 5 - ModelEngine/WARN]: [ModelEngine] [A] --Warning: The cube cube in bone concussionring3 has illegal rotations. Cube rotation can only be -45, -22.5, 0, 22.5 and 45. [ 9.541664367526768E-15 ]
[17:57:48] [Craft Scheduler Thread - 5 - ModelEngine/WARN]: [ModelEngine] [A] --Warning: The cube cube in bone concussionring3 has illegal rotations. Cube rotation can only be -45, -22.5, 0, 22.5 and 45. [ 9.541664367526768E-15 ]
[17:57:48] [Craft Scheduler Thread - 5 - ModelEngine/WARN]: [ModelEngine] [A] --Warning: The cube cube in bone concussionring3 has illegal rotations. Cube rotation can only be -45, -22.5, 0, 22.5 and 45. [ -9.541664367526768E-15 ]
[17:57:48] [Craft Scheduler Thread - 5 - ModelEngine/WARN]: [ModelEngine] [A] --Warning: The cube cube in bone concussionring3 has illegal rotations. Cube rotation can only be -45, -22.5, 0, 22.5 and 45. [ 9.541664367526768E-15 ]
[17:57:48] [Craft Scheduler Thread - 5 - ModelEngine/WARN]: [ModelEngine] [A] --Warning: The cube cube in bone concussionring2 has illegal rotations. Cube rotation can only be -45, -22.5, 0, 22.5 and 45. [ 9.541664367526768E-15 ]
[17:57:48] [Craft Scheduler Thread - 5 - ModelEngine/WARN]: [ModelEngine] [A] --Warning: The cube cube in bone concussionring2 has illegal rotations. Cube rotation can only be -45, -22.5, 0, 22.5 and 45. [ 9.541664367526768E-15 ]
[17:57:48] [Craft Scheduler Thread - 5 - ModelEngine/WARN]: [ModelEngine] [A] --Warning: The cube cube in bone concussionring2 has illegal rotations. Cube rotation can only be -45, -22.5, 0, 22.5 and 45. [ -9.541664367526768E-15 ]
[17:57:48] [Craft Scheduler Thread - 5 - ModelEngine/WARN]: [ModelEngine] [A] --Warning: The cube cube in bone concussionring2 has illegal rotations. Cube rotation can only be -45, -22.5, 0, 22.5 and 45. [ 9.541664367526768E-15 ]
[17:57:48] [Craft Scheduler Thread - 5 - ModelEngine/INFO]: [ModelEngine] [A] 
[17:57:48] [Craft Scheduler Thread - 5 - ModelEngine/INFO]: [ModelEngine] [A] Importing cooking_pot.bbmodel.
[17:57:48] [Craft Scheduler Thread - 5 - ModelEngine/INFO]: [ModelEngine] [A] 
[17:57:48] [Craft Scheduler Thread - 5 - ModelEngine/INFO]: [ModelEngine] [A] Importing cooking_pot_parts.bbmodel.
[17:57:48] [Craft Scheduler Thread - 5 - ModelEngine/WARN]: [ModelEngine] [A] --Warning: Missing hitbox.
[17:57:48] [Craft Scheduler Thread - 5 - ModelEngine/INFO]: [ModelEngine] [A] 
[17:57:48] [Craft Scheduler Thread - 5 - ModelEngine/INFO]: [ModelEngine] [A] Importing cooking_pot_splash.bbmodel.
[17:57:48] [Craft Scheduler Thread - 5 - ModelEngine/WARN]: [ModelEngine] [A] --Warning: Missing hitbox.
[17:57:48] [Craft Scheduler Thread - 5 - ModelEngine/INFO]: [ModelEngine] [A] 
[17:57:48] [Craft Scheduler Thread - 5 - ModelEngine/INFO]: [ModelEngine] [A] Importing cranegame.bbmodel.
[17:57:48] [Craft Scheduler Thread - 5 - ModelEngine/WARN]: [ModelEngine] [A] --Warning: Eye height is below 0. Entity might suffocate.
[17:57:48] [Craft Scheduler Thread - 5 - ModelEngine/WARN]: [ModelEngine] [A] --Warning: The cube cube in bone cranegame has illegal rotations. Cube rotation can only be -45, -22.5, 0, 22.5 and 45. [ -67.5 ]
[17:57:48] [Craft Scheduler Thread - 5 - ModelEngine/INFO]: [ModelEngine] [A] 
[17:57:48] [Craft Scheduler Thread - 5 - ModelEngine/INFO]: [ModelEngine] [A] Importing cranegame_items.bbmodel.
[17:57:48] [Craft Scheduler Thread - 5 - ModelEngine/WARN]: [ModelEngine] [A] --Warning: Missing hitbox.
[17:57:48] [Craft Scheduler Thread - 5 - ModelEngine/INFO]: [ModelEngine] [A] 
[17:57:48] [Craft Scheduler Thread - 5 - ModelEngine/INFO]: [ModelEngine] [A] Importing ethereal_reaver.bbmodel.
[17:57:48] [Craft Scheduler Thread - 5 - ModelEngine/INFO]: [ModelEngine] [A] 
[17:57:48] [Craft Scheduler Thread - 5 - ModelEngine/INFO]: [ModelEngine] [A] Importing ethereal_reaver_beam.bbmodel.
[17:57:48] [Craft Scheduler Thread - 5 - ModelEngine/WARN]: [ModelEngine] [A] --Warning: Missing hitbox.
[17:57:48] [Craft Scheduler Thread - 5 - ModelEngine/INFO]: [ModelEngine] [A] 
[17:57:48] [Craft Scheduler Thread - 5 - ModelEngine/INFO]: [ModelEngine] [A] Importing ethereal_reaver_damage.bbmodel.
[17:57:48] [Craft Scheduler Thread - 5 - ModelEngine/INFO]: [ModelEngine] [A] 
[17:57:48] [Craft Scheduler Thread - 5 - ModelEngine/INFO]: [ModelEngine] [A] Importing ethereal_reaver_lost_soul.bbmodel.
[17:57:48] [Craft Scheduler Thread - 5 - ModelEngine/WARN]: [ModelEngine] [A] --Warning: Missing hitbox.
[17:57:48] [Craft Scheduler Thread - 5 - ModelEngine/INFO]: [ModelEngine] [A] 
[17:57:48] [Craft Scheduler Thread - 5 - ModelEngine/INFO]: [ModelEngine] [A] Importing gui_bar.bbmodel.
[17:57:48] [Craft Scheduler Thread - 5 - ModelEngine/WARN]: [ModelEngine] [A] --Warning: Missing hitbox.
[17:57:48] [Craft Scheduler Thread - 5 - ModelEngine/INFO]: [ModelEngine] [A] 
[17:57:48] [Craft Scheduler Thread - 5 - ModelEngine/INFO]: [ModelEngine] [A] Importing jackpot_2.bbmodel.
[17:57:49] [Craft Scheduler Thread - 5 - ModelEngine/INFO]: [ModelEngine] [A] 
[17:57:49] [Craft Scheduler Thread - 5 - ModelEngine/INFO]: [ModelEngine] [A] Importing jackpot_2_converter.bbmodel.
[17:57:49] [Craft Scheduler Thread - 5 - ModelEngine/WARN]: [ModelEngine] [A] --Warning: The cube cube in bone base has illegal rotations. Cube rotation can only be -45, -22.5, 0, 22.5 and 45. [ 25.0 ]
[17:57:49] [Craft Scheduler Thread - 5 - ModelEngine/WARN]: [ModelEngine] [A] --Warning: The cube cube in bone base has illegal rotations. Cube rotation can only be -45, -22.5, 0, 22.5 and 45. [ 25.0 ]
[17:57:49] [Craft Scheduler Thread - 5 - ModelEngine/WARN]: [ModelEngine] [A] --Warning: The cube cube in bone base has illegal rotations. Cube rotation can only be -45, -22.5, 0, 22.5 and 45. [ 25.0 ]
[17:57:49] [Craft Scheduler Thread - 5 - ModelEngine/INFO]: [ModelEngine] [A] 
[17:57:49] [Craft Scheduler Thread - 5 - ModelEngine/INFO]: [ModelEngine] [A] Importing lr_lockers.bbmodel.
[17:57:49] [Craft Scheduler Thread - 5 - ModelEngine/INFO]: [ModelEngine] [A] 
[17:57:49] [Craft Scheduler Thread - 5 - ModelEngine/INFO]: [ModelEngine] [A] Importing mega_warden.bbmodel.
[17:57:49] [Craft Scheduler Thread - 5 - ModelEngine/INFO]: [ModelEngine] [A] 
[17:57:49] [Craft Scheduler Thread - 5 - ModelEngine/INFO]: [ModelEngine] [A] Importing mega_warden_damage.bbmodel.
[17:57:49] [Craft Scheduler Thread - 5 - ModelEngine/INFO]: [ModelEngine] [A] 
[17:57:49] [Craft Scheduler Thread - 5 - ModelEngine/INFO]: [ModelEngine] [A] Importing mega_warden_hidden.bbmodel.
[17:57:49] [Craft Scheduler Thread - 5 - ModelEngine/WARN]: [ModelEngine] [A] --Warning: Missing hitbox.
[17:57:49] [Craft Scheduler Thread - 5 - ModelEngine/INFO]: [ModelEngine] [A] 
[17:57:49] [Craft Scheduler Thread - 5 - ModelEngine/INFO]: [ModelEngine] [A] Importing mega_warden_pet.bbmodel.
[17:57:49] [Craft Scheduler Thread - 5 - ModelEngine/INFO]: [ModelEngine] [A] 
[17:57:49] [Craft Scheduler Thread - 5 - ModelEngine/INFO]: [ModelEngine] [A] Importing mega_warden_rocks.bbmodel.
[17:57:49] [Craft Scheduler Thread - 5 - ModelEngine/WARN]: [ModelEngine] [A] --Warning: Missing hitbox.
[17:57:49] [Craft Scheduler Thread - 5 - ModelEngine/INFO]: [ModelEngine] [A] 
[17:57:49] [Craft Scheduler Thread - 5 - ModelEngine/INFO]: [ModelEngine] [A] Importing mimic_bed.bbmodel.
[17:57:49] [Craft Scheduler Thread - 5 - ModelEngine/INFO]: [ModelEngine] [A] 
[17:57:49] [Craft Scheduler Thread - 5 - ModelEngine/INFO]: [ModelEngine] [A] Importing mimic_craftingtable.bbmodel.
[17:57:49] [Craft Scheduler Thread - 5 - ModelEngine/INFO]: [ModelEngine] [A] 
[17:57:49] [Craft Scheduler Thread - 5 - ModelEngine/INFO]: [ModelEngine] [A] Importing mimic_furnace.bbmodel.
[17:57:49] [Craft Scheduler Thread - 5 - ModelEngine/INFO]: [ModelEngine] [A] 
[17:57:49] [Craft Scheduler Thread - 5 - ModelEngine/INFO]: [ModelEngine] [A] Importing mimic_piston.bbmodel.
[17:57:49] [Craft Scheduler Thread - 5 - ModelEngine/INFO]: [ModelEngine] [A] 
[17:57:49] [Craft Scheduler Thread - 5 - ModelEngine/INFO]: [ModelEngine] [A] Importing slimecreep.bbmodel.
[17:57:49] [Craft Scheduler Thread - 5 - ModelEngine/INFO]: [ModelEngine] [A] 
[17:57:49] [Craft Scheduler Thread - 5 - ModelEngine/INFO]: [ModelEngine] [A] Importing vp1_golem.bbmodel.
[17:57:49] [Craft Scheduler Thread - 5 - ModelEngine/WARN]: [ModelEngine] [A] --Warning: The cube cube in bone rightleg is rotated in multiple axis. Choosing one axis.
[17:57:49] [Craft Scheduler Thread - 5 - ModelEngine/INFO]: [ModelEngine] [A] 
[17:57:49] [Craft Scheduler Thread - 5 - ModelEngine/INFO]: [ModelEngine] [A] Importing vp1_golem_damaged_1.bbmodel.
[17:57:50] [Craft Scheduler Thread - 5 - ModelEngine/WARN]: [ModelEngine] [A] --Warning: The cube cube in bone rightleg is rotated in multiple axis. Choosing one axis.
[17:57:50] [Craft Scheduler Thread - 5 - ModelEngine/INFO]: [ModelEngine] [A] 
[17:57:50] [Craft Scheduler Thread - 5 - ModelEngine/INFO]: [ModelEngine] [A] Importing vp1_golem_damaged_2.bbmodel.
[17:57:50] [Craft Scheduler Thread - 5 - ModelEngine/WARN]: [ModelEngine] [A] --Warning: The cube cube in bone rightleg is rotated in multiple axis. Choosing one axis.
[17:57:50] [Craft Scheduler Thread - 5 - ModelEngine/INFO]: [ModelEngine] [A] 
[17:57:50] [Craft Scheduler Thread - 5 - ModelEngine/INFO]: [ModelEngine] [A] Importing vp1_hermit_crab.bbmodel.
[17:57:50] [Craft Scheduler Thread - 5 - ModelEngine/INFO]: [ModelEngine] [A] 
[17:57:50] [Craft Scheduler Thread - 5 - ModelEngine/INFO]: [ModelEngine] [A] Importing vp1_jelly.bbmodel.
[17:57:50] [Craft Scheduler Thread - 5 - ModelEngine/INFO]: [ModelEngine] [A] 
[17:57:50] [Craft Scheduler Thread - 5 - ModelEngine/INFO]: [ModelEngine] [A] Importing vp1_mimic.bbmodel.
[17:57:50] [Craft Scheduler Thread - 5 - ModelEngine/INFO]: [ModelEngine] [A] 
[17:57:50] [Craft Scheduler Thread - 5 - ModelEngine/INFO]: [ModelEngine] [A] Importing vp1_reef_shark.bbmodel.
[17:57:50] [Craft Scheduler Thread - 5 - ModelEngine/INFO]: [ModelEngine] [A] 
[17:57:50] [Craft Scheduler Thread - 5 - ModelEngine/INFO]: [ModelEngine] [A] Importing vp1_rhino.bbmodel.
[17:57:50] [Craft Scheduler Thread - 5 - ModelEngine/INFO]: [ModelEngine] [A] 
[17:57:50] [Craft Scheduler Thread - 5 - ModelEngine/INFO]: [ModelEngine] [A] Importing vp1_scorpid.bbmodel.
[17:57:50] [Craft Scheduler Thread - 5 - ModelEngine/INFO]: [ModelEngine] [A] 
[17:57:50] [Craft Scheduler Thread - 5 - ModelEngine/INFO]: [ModelEngine] [A] Importing hourglass.bbmodel.
[17:57:50] [Craft Scheduler Thread - 5 - ModelEngine/INFO]: [ModelEngine] [A] 
[17:57:50] [Craft Scheduler Thread - 5 - ModelEngine/INFO]: [ModelEngine] [A] Importing lbblank.bbmodel.
[17:57:50] [Craft Scheduler Thread - 5 - ModelEngine/INFO]: [ModelEngine] [A] 
[17:57:50] [Craft Scheduler Thread - 5 - ModelEngine/INFO]: [ModelEngine] [A] Importing lbvfx.bbmodel.
[17:57:50] [Craft Scheduler Thread - 5 - ModelEngine/INFO]: [ModelEngine] [A] 
[17:57:50] [Craft Scheduler Thread - 5 - ModelEngine/INFO]: [ModelEngine] [A] Importing lorebun.bbmodel.
[17:57:50] [Craft Scheduler Thread - 5 - ModelEngine/WARN]: [ModelEngine] [A] --Warning: The cube cube in bone right_ear has illegal rotations. Cube rotation can only be -45, -22.5, 0, 22.5 and 45. [ 90.0 ]
[17:57:50] [Craft Scheduler Thread - 5 - ModelEngine/WARN]: [ModelEngine] [A] --Warning: The cube cube in bone left_ear has illegal rotations. Cube rotation can only be -45, -22.5, 0, 22.5 and 45. [ -90.0 ]
[17:57:50] [Craft Scheduler Thread - 5 - ModelEngine/WARN]: [ModelEngine] [A] --Warning: The cube cube in bone left_knee has illegal rotations. Cube rotation can only be -45, -22.5, 0, 22.5 and 45. [ -3.1805547185895103E-15 ]
[17:57:50] [Craft Scheduler Thread - 5 - ModelEngine/WARN]: [ModelEngine] [A] --Warning: The cube cube in bone right_knee has illegal rotations. Cube rotation can only be -45, -22.5, 0, 22.5 and 45. [ -3.1805547185895103E-15 ]
[17:57:50] [Craft Scheduler Thread - 5 - ModelEngine/WARN]: [ModelEngine] [A] --Warning: The cube cube in bone clock has illegal rotations. Cube rotation can only be -45, -22.5, 0, 22.5 and 45. [ -5.8561181349049E-14 ]
[17:57:50] [Craft Scheduler Thread - 5 - ModelEngine/INFO]: [ModelEngine] [A] 
[17:57:50] [Craft Scheduler Thread - 5 - ModelEngine/INFO]: [ModelEngine] [A] Importing lorebun_copy_walk.bbmodel.
[17:57:50] [Craft Scheduler Thread - 5 - ModelEngine/WARN]: [ModelEngine] [A] --Warning: The cube cube in bone left_knee has illegal rotations. Cube rotation can only be -45, -22.5, 0, 22.5 and 45. [ -3.1805547185895103E-15 ]
[17:57:50] [Craft Scheduler Thread - 5 - ModelEngine/WARN]: [ModelEngine] [A] --Warning: The cube cube in bone right_knee has illegal rotations. Cube rotation can only be -45, -22.5, 0, 22.5 and 45. [ -3.1805547185895103E-15 ]
[17:57:50] [Craft Scheduler Thread - 5 - ModelEngine/WARN]: [ModelEngine] [A] --Warning: The cube cube in bone clock has illegal rotations. Cube rotation can only be -45, -22.5, 0, 22.5 and 45. [ -5.8561181349049E-14 ]
[17:57:50] [Craft Scheduler Thread - 5 - ModelEngine/INFO]: [ModelEngine] [A] 
[17:57:50] [Craft Scheduler Thread - 5 - ModelEngine/INFO]: [ModelEngine] [A] Importing lorebun_idle.bbmodel.
[17:57:50] [Craft Scheduler Thread - 5 - ModelEngine/WARN]: [ModelEngine] [A] --Warning: The cube cube in bone left_knee has illegal rotations. Cube rotation can only be -45, -22.5, 0, 22.5 and 45. [ -3.1805547185895103E-15 ]
[17:57:50] [Craft Scheduler Thread - 5 - ModelEngine/WARN]: [ModelEngine] [A] --Warning: The cube cube in bone right_knee has illegal rotations. Cube rotation can only be -45, -22.5, 0, 22.5 and 45. [ -3.1805547185895103E-15 ]
[17:57:50] [Craft Scheduler Thread - 5 - ModelEngine/WARN]: [ModelEngine] [A] --Warning: The cube cube in bone right_ear has illegal rotations. Cube rotation can only be -45, -22.5, 0, 22.5 and 45. [ 90.0 ]
[17:57:50] [Craft Scheduler Thread - 5 - ModelEngine/WARN]: [ModelEngine] [A] --Warning: The cube cube in bone left_ear has illegal rotations. Cube rotation can only be -45, -22.5, 0, 22.5 and 45. [ -90.0 ]
[17:57:50] [Craft Scheduler Thread - 5 - ModelEngine/INFO]: [ModelEngine] [A] 
[17:57:50] [Craft Scheduler Thread - 5 - ModelEngine/INFO]: [ModelEngine] [A] Importing stunned.bbmodel.
[17:57:50] [Craft Scheduler Thread - 5 - ModelEngine/WARN]: [ModelEngine] [A] --Warning: Eye height is below 0. Entity might suffocate.
[17:57:50] [Craft Scheduler Thread - 5 - ModelEngine/INFO]: [ModelEngine] [A] 
[17:57:50] [Craft Scheduler Thread - 5 - ModelEngine/INFO]: [ModelEngine] [A] Importing snake_year_beast.bbmodel.
[17:57:50] [Craft Scheduler Thread - 5 - ModelEngine/INFO]: [ModelEngine] [A] 
[17:57:50] [Craft Scheduler Thread - 5 - ModelEngine/INFO]: [ModelEngine] [A] Importing snake_year_beast_arena.bbmodel.
[17:57:50] [Craft Scheduler Thread - 5 - ModelEngine/WARN]: [ModelEngine] [A] --Warning: Missing hitbox.
[17:57:50] [Craft Scheduler Thread - 5 - ModelEngine/INFO]: [ModelEngine] [A] 
[17:57:50] [Craft Scheduler Thread - 5 - ModelEngine/INFO]: [ModelEngine] [A] Importing snake_year_beast_butterfly.bbmodel.
[17:57:50] [Craft Scheduler Thread - 5 - ModelEngine/WARN]: [ModelEngine] [A] --Warning: Missing hitbox.
[17:57:50] [Craft Scheduler Thread - 5 - ModelEngine/INFO]: [ModelEngine] [A] 
[17:57:50] [Craft Scheduler Thread - 5 - ModelEngine/INFO]: [ModelEngine] [A] Importing snake_year_beast_butterfly_2.bbmodel.
[17:57:50] [Craft Scheduler Thread - 5 - ModelEngine/WARN]: [ModelEngine] [A] --Warning: Missing hitbox.
[17:57:50] [Craft Scheduler Thread - 5 - ModelEngine/INFO]: [ModelEngine] [A] 
[17:57:50] [Craft Scheduler Thread - 5 - ModelEngine/INFO]: [ModelEngine] [A] Importing snake_year_beast_explode.bbmodel.
[17:57:50] [Craft Scheduler Thread - 5 - ModelEngine/WARN]: [ModelEngine] [A] --Warning: Missing hitbox.
[17:57:50] [Craft Scheduler Thread - 5 - ModelEngine/INFO]: [ModelEngine] [A] 
[17:57:50] [Craft Scheduler Thread - 5 - ModelEngine/INFO]: [ModelEngine] [A] Importing snake_year_beast_fireball.bbmodel.
[17:57:50] [Craft Scheduler Thread - 5 - ModelEngine/WARN]: [ModelEngine] [A] --Warning: Missing hitbox.
[17:57:50] [Craft Scheduler Thread - 5 - ModelEngine/INFO]: [ModelEngine] [A] 
[17:57:50] [Craft Scheduler Thread - 5 - ModelEngine/INFO]: [ModelEngine] [A] Importing snake_year_beast_fireball_2.bbmodel.
[17:57:50] [Craft Scheduler Thread - 5 - ModelEngine/WARN]: [ModelEngine] [A] --Warning: Missing hitbox.
[17:57:50] [Craft Scheduler Thread - 5 - ModelEngine/INFO]: [ModelEngine] [A] 
[17:57:50] [Craft Scheduler Thread - 5 - ModelEngine/INFO]: [ModelEngine] [A] Importing snake_year_beast_phase2.bbmodel.
[17:57:50] [Craft Scheduler Thread - 5 - ModelEngine/INFO]: [ModelEngine] [A] 
[17:57:50] [Server thread/INFO]: [Quests] 1456 quests have been registered.
[17:57:50] [Craft Scheduler Thread - 5 - ModelEngine/INFO]: [ModelEngine] [A] Importing snake_year_beast_slash.bbmodel.
[17:57:50] [Craft Scheduler Thread - 5 - ModelEngine/WARN]: [ModelEngine] [A] --Warning: Missing hitbox.
[17:57:50] [Craft Scheduler Thread - 5 - ModelEngine/INFO]: [ModelEngine] [A] 
[17:57:50] [Craft Scheduler Thread - 5 - ModelEngine/INFO]: [ModelEngine] [A] Importing snake_year_beast_tree.bbmodel.
[17:57:50] [Craft Scheduler Thread - 5 - ModelEngine/WARN]: [ModelEngine] [A] --Warning: Missing hitbox.
[17:57:50] [Craft Scheduler Thread - 5 - ModelEngine/INFO]: [ModelEngine] [A] 
[17:57:50] [Craft Scheduler Thread - 5 - ModelEngine/INFO]: [ModelEngine] [A] Importing nm_mini_elf_hat_you.bbmodel.
[17:57:50] [Craft Scheduler Thread - 5 - ModelEngine/WARN]: [ModelEngine] [A] --Warning: The cube head in bone hat has illegal rotations. Cube rotation can only be -45, -22.5, 0, 22.5 and 45. [ 3.1805547185895103E-15 ]
[17:57:50] [Craft Scheduler Thread - 5 - ModelEngine/INFO]: [ModelEngine] [A] 
[17:57:50] [Craft Scheduler Thread - 5 - ModelEngine/INFO]: [ModelEngine] [A] Importing nm_mini_elf_you.bbmodel.
[17:57:50] [Craft Scheduler Thread - 5 - ModelEngine/WARN]: [ModelEngine] [A] --Warning: The cube head in bone hat has illegal rotations. Cube rotation can only be -45, -22.5, 0, 22.5 and 45. [ 3.1805547185895103E-15 ]
[17:57:50] [Craft Scheduler Thread - 5 - ModelEngine/INFO]: [ModelEngine] [A] 
[17:57:50] [Craft Scheduler Thread - 5 - ModelEngine/INFO]: [ModelEngine] [A] Importing nm_mini_santa_hat_cano.bbmodel.
[17:57:50] [Craft Scheduler Thread - 5 - ModelEngine/INFO]: [ModelEngine] [A] 
[17:57:50] [Craft Scheduler Thread - 5 - ModelEngine/INFO]: [ModelEngine] [A] Importing nm_mini_santa_you.bbmodel.
[17:57:50] [Craft Scheduler Thread - 5 - ModelEngine/INFO]: [ModelEngine] [A] 
[17:57:50] [Craft Scheduler Thread - 5 - ModelEngine/INFO]: [ModelEngine] [A] Importing nm_mini_you_archer.bbmodel.
[17:57:50] [Craft Scheduler Thread - 5 - ModelEngine/INFO]: [ModelEngine] [A] 
[17:57:50] [Craft Scheduler Thread - 5 - ModelEngine/INFO]: [ModelEngine] [A] Importing nm_mini_you_paladin.bbmodel.
[17:57:51] [Craft Scheduler Thread - 5 - ModelEngine/INFO]: [ModelEngine] [A] 
[17:57:51] [Craft Scheduler Thread - 5 - ModelEngine/INFO]: [ModelEngine] [A] Importing nm_mini_you_sorcerer.bbmodel.
[17:57:51] [Craft Scheduler Thread - 5 - ModelEngine/INFO]: [ModelEngine] [A] 
[17:57:51] [Craft Scheduler Thread - 5 - ModelEngine/INFO]: [ModelEngine] [A] Importing nm_orca.bbmodel.
[17:57:51] [Craft Scheduler Thread - 5 - ModelEngine/INFO]: [ModelEngine] [A] 
[17:57:51] [Craft Scheduler Thread - 5 - ModelEngine/INFO]: [ModelEngine] [A] Importing skeleton_boss.bbmodel.
[17:57:51] [pool-22-thread-1/INFO]: [nAntiBot] [Captcha] Captchas generated successfully. (RAM usage ≃ 8 MB [static only], total = 500, protocol count = 51, threads = 4, took 56.71s)
[17:57:51] [Craft Scheduler Thread - 5 - ModelEngine/INFO]: [ModelEngine] [A] 
[17:57:51] [Craft Scheduler Thread - 5 - ModelEngine/INFO]: [ModelEngine] [A] Importing skeleton_boss_poison_vfx.bbmodel.
[17:57:51] [Server thread/WARN]: Can't keep up! Is the server overloaded? Running 8374ms or 167 ticks behind
[17:57:51] [Server thread/INFO]: [PlaceholderAPI] Successfully registered external expansion: customfont [1.0.1]
[17:57:51] [Server thread/INFO]: [PlaceholderAPI] Successfully registered external expansion: playerlist [3.0.8]
[17:57:51] [Craft Scheduler Thread - 5 - ModelEngine/INFO]: [ModelEngine] [A] 
[17:57:51] [Craft Scheduler Thread - 5 - ModelEngine/INFO]: [ModelEngine] [A] Importing skeleton_boss_trap_vfx.bbmodel.
[17:57:51] [Craft Scheduler Thread - 5 - ModelEngine/WARN]: [ModelEngine] [A] --Warning: Missing hitbox.
[17:57:51] [Server thread/INFO]: [PlaceholderAPI] Successfully registered external expansion: gradient [1.0]
[17:57:51] [Craft Scheduler Thread - 5 - ModelEngine/INFO]: [ModelEngine] [A] 
[17:57:51] [Craft Scheduler Thread - 5 - ModelEngine/INFO]: [ModelEngine] [A] Importing skeleton_minion.bbmodel.
[17:57:51] [Craft Scheduler Thread - 5 - ModelEngine/WARN]: [ModelEngine] [A] --Warning: Missing hitbox.
[17:57:51] [Craft Scheduler Thread - 5 - ModelEngine/INFO]: [ModelEngine] [A] 
[17:57:51] [Server thread/INFO]: [PlaceholderAPI] Successfully registered external expansion: math [2.0.2]
[17:57:51] [Craft Scheduler Thread - 5 - ModelEngine/INFO]: [ModelEngine] [A] Importing boomerang_splash.bbmodel.
[17:57:51] [Craft Scheduler Thread - 5 - ModelEngine/WARN]: [ModelEngine] [A] --Warning: Missing hitbox.
[17:57:51] [Craft Scheduler Thread - 5 - ModelEngine/INFO]: [ModelEngine] [A] 
[17:57:51] [Craft Scheduler Thread - 5 - ModelEngine/INFO]: [ModelEngine] [A] Importing boomerang_splash_lava.bbmodel.
[17:57:51] [Craft Scheduler Thread - 5 - ModelEngine/WARN]: [ModelEngine] [A] --Warning: Missing hitbox.
[17:57:51] [Craft Scheduler Thread - 5 - ModelEngine/INFO]: [ModelEngine] [A] 
[17:57:51] [Craft Scheduler Thread - 5 - ModelEngine/INFO]: [ModelEngine] [A] Importing chakram_boomerang_whirlwind.bbmodel.
[17:57:51] [Craft Scheduler Thread - 5 - ModelEngine/WARN]: [ModelEngine] [A] --Warning: Missing hitbox.
[17:57:51] [Craft Scheduler Thread - 5 - ModelEngine/INFO]: [ModelEngine] [A] 
[17:57:51] [Craft Scheduler Thread - 5 - ModelEngine/INFO]: [ModelEngine] [A] Importing sledge_boomerang_ground_fx.bbmodel.
[17:57:51] [Server thread/INFO]: [PlaceholderAPI] Successfully registered external expansion: vault [1.8.3]
[17:57:51] [Server thread/INFO]: [PlaceholderAPI] Successfully registered external expansion: server [2.7.3]
[17:57:51] [Server thread/INFO]: [PlaceholderAPI] Successfully registered external expansion: statistic [2.0.2]
[17:57:51] [Server thread/INFO]: [PAPI] [Javascript-Expansion] 2 scripts loaded!
[17:57:51] [Server thread/INFO]: [PlaceholderAPI] Successfully registered external expansion: javascript [2.1.2]
[17:57:51] [Server thread/INFO]: [PlaceholderAPI] Successfully registered external expansion: progress [2.1]
[17:57:51] [Server thread/WARN]: [PlaceholderAPI] Cannot load expansion playerstats due to a missing plugin: PlayerStats
[17:57:51] [Server thread/INFO]: [PlaceholderAPI] Successfully registered external expansion: player [2.0.8]
[17:57:51] [Server thread/INFO]: [PlaceholderAPI] Successfully registered external expansion: luckperms [5.4-R2]
[17:57:51] [Server thread/INFO]: [PlaceholderAPI] Successfully registered external expansion: gradient2 [1.1]
[17:57:51] [Server thread/INFO]: [PlaceholderAPI] Successfully registered external expansion: changeoutput [1.2.2]
[17:57:51] [Server thread/INFO]: [PlaceholderAPI] Successfully registered external expansion: sbtags [1.0.1]
[17:57:51] [Server thread/WARN]: [PlaceholderAPI] Cannot load expansion playertime due to a missing plugin: PlayerTime
[17:57:51] [Server thread/INFO]: [PlaceholderAPI] Successfully registered external expansion: essentials [1.5.2]
[17:57:51] [Server thread/INFO]: [PlaceholderAPI] Successfully registered external expansion: objective [4.2.0]
[17:57:51] [Server thread/INFO]: [PlaceholderAPI] Successfully registered external expansion: localtime [1.2]
[17:57:51] [Server thread/INFO]: [PlaceholderAPI] Successfully registered external expansion: utils [1.0.9]
[17:57:51] [Server thread/INFO]: 18 placeholder hook(s) registered! 4 placeholder hook(s) have an update available.
[17:57:51] [Server thread/INFO]: [MythicMobs] Loading ProtocolLib listeners...
[17:57:51] [Server thread/ERROR]: [MythicMobs] [SCHEDULER] Exception thrown whilst executing task
[17:57:51] [Server thread/WARN]: java.lang.NoClassDefFoundError: io/lumine/mythic/bukkit/utils/protocol/Protocol
[17:57:51] [Server thread/WARN]: 	at MythicCruciblePremium-2.2.0-SNAPSHOT.jar//io.lumine.mythiccrucible.skills.SkillEventListeners.initProtocolLibDropListeners(SkillEventListeners.java:665)
[17:57:51] [Server thread/WARN]: 	at MythicCruciblePremium-2.2.0-SNAPSHOT.jar//io.lumine.mythiccrucible.skills.SkillEventListeners.initProtocolLibListeners(SkillEventListeners.java:199)
[17:57:51] [Server thread/WARN]: 	at MythicCruciblePremium-2.2.0-SNAPSHOT.jar//io.lumine.mythiccrucible.skills.SkillEventListeners.lambda$load$0(SkillEventListeners.java:68)
[17:57:51] [Server thread/WARN]: 	at MythicMobs-5.10.0-131488.jar//io.lumine.mythic.bukkit.utils.Delegates$RunnableToSupplier.get(Delegates.java:121)
[17:57:51] [Server thread/WARN]: 	at MythicMobs-5.10.0-131488.jar//io.lumine.mythic.bukkit.utils.promise.LuminePromise$SupplyRunnable.run(LuminePromise.java:654)
[17:57:51] [Server thread/WARN]: 	at MythicMobs-5.10.0-131488.jar//io.lumine.mythic.bukkit.utils.tasks.LumineExecutors$SchedulerWrappedRunnable.run(LumineExecutors.java:70)
[17:57:51] [Server thread/WARN]: 	at org.bukkit.craftbukkit.scheduler.CraftTask.run(CraftTask.java:86)
[17:57:51] [Server thread/WARN]: 	at org.bukkit.craftbukkit.scheduler.CraftScheduler.mainThreadHeartbeat(CraftScheduler.java:475)
[17:57:51] [Server thread/WARN]: 	at net.minecraft.server.MinecraftServer.tickChildren(MinecraftServer.java:1726)
[17:57:51] [Server thread/WARN]: 	at net.minecraft.server.dedicated.DedicatedServer.tickChildren(DedicatedServer.java:473)
[17:57:51] [Server thread/WARN]: 	at net.minecraft.server.MinecraftServer.tickServer(MinecraftServer.java:1598)
[17:57:51] [Server thread/WARN]: 	at net.minecraft.server.MinecraftServer.runServer(MinecraftServer.java:1304)
[17:57:51] [Server thread/WARN]: 	at net.minecraft.server.MinecraftServer.lambda$spin$0(MinecraftServer.java:330)
[17:57:51] [Server thread/WARN]: 	at java.base/java.lang.Thread.run(Thread.java:1583)
[17:57:51] [Server thread/WARN]: Caused by: java.lang.ClassNotFoundException: io.lumine.mythic.bukkit.utils.protocol.Protocol
[17:57:51] [Server thread/WARN]: 	at org.bukkit.plugin.java.PluginClassLoader.loadClass0(PluginClassLoader.java:197)
[17:57:51] [Server thread/WARN]: 	at org.bukkit.plugin.java.PluginClassLoader.loadClass(PluginClassLoader.java:164)
[17:57:51] [Server thread/WARN]: 	at java.base/java.lang.ClassLoader.loadClass(ClassLoader.java:526)
[17:57:51] [Server thread/WARN]: 	... 14 more
[17:57:53] [Server thread/INFO]: [ShopGUIPlus] ================================[ ShopGUI+ 1.101.1 ]================================
[17:57:53] [Server thread/INFO]: [ShopGUIPlus]  
[17:57:53] [Server thread/INFO]: [ShopGUIPlus] Vault economy registered.
[17:57:53] [Server thread/INFO]: [ShopGUIPlus] Exp economy registered.
[17:57:53] [Server thread/INFO]: [ShopGUIPlus] Vault economy enabled.
[17:57:53] [Server thread/INFO]: [ShopGUIPlus] Exp economy enabled.
[17:57:53] [Server thread/INFO]: [ShopGUIPlus] Using Vault as default economy provider.
[17:57:53] [Server thread/INFO]: [ShopGUIPlus] Permissions support enabled.
[17:57:53] [Server thread/INFO]: [ShopGUIPlus] Enabled item provider for ItemsAdder.
[17:57:53] [Server thread/INFO]: [ShopGUIPlus] Enabled item provider for MythicMobs.
[17:57:53] [Server thread/INFO]: [ShopGUIPlus] No external spawner plugins registered, using built-in spawners support.
[17:57:53] [Server thread/INFO]: [ShopGUIPlus] Loaded 40 main menu items.
[17:57:53] [Server thread/INFO]: [ShopGUIPlus] Loaded shop 'blocks20' with 27 items.
[17:57:54] [Server thread/INFO]: [ShopGUIPlus] Loaded shop 'ores' with 25 items.
[17:57:54] [Server thread/INFO]: [ShopGUIPlus] Loaded shop 'blocks' with 89 items.
[17:57:54] [Server thread/INFO]: [ShopGUIPlus] Loaded shop 'enchantbooks' with 63 items.
[17:57:54] [Server thread/INFO]: [ShopGUIPlus] Loaded shop 'banners' with 76 items.
[17:57:54] [Server thread/INFO]: [ShopGUIPlus] Loaded shop 'brewing' with 21 items.
[17:57:54] [Server thread/INFO]: [ShopGUIPlus] Loaded shop 'dyes' with 16 items.
[17:57:55] [Server thread/INFO]: [ShopGUIPlus] Loaded shop 'food' with 19 items.
[17:57:55] [Server thread/INFO]: [ShopGUIPlus] Loaded shop 'armorweapon' with 51 items.
[17:57:55] [Server thread/INFO]: [ShopGUIPlus] Loaded shop 'special' with 1 items.
[17:57:55] [Server thread/INFO]: [ShopGUIPlus] Loaded shop 'armor' with 24 items.
[17:57:55] [Server thread/INFO]: [ShopGUIPlus] Loaded shop 'xp' with 13 items.
[17:57:56] [Server thread/INFO]: [ShopGUIPlus] Loaded shop 'redstone' with 22 items.
[17:57:56] [Server thread/INFO]: [ShopGUIPlus] Loaded shop 'heads' with 173 items.
[17:57:56] [Server thread/INFO]: [ShopGUIPlus] Loaded shop 'slabs' with 35 items.
[17:57:56] [Server thread/INFO]: [ShopGUIPlus] Loaded shop 'farmfood' with 120 items.
[17:57:56] [Server thread/INFO]: [ShopGUIPlus] Loaded shop 'miscellaneous' with 9 items.
[17:57:56] [Server thread/INFO]: [ShopGUIPlus] Loaded shop 'decoration' with 197 items.
[17:57:56] [Server thread/INFO]: [ShopGUIPlus] Loaded shop 'stairs' with 31 items.
[17:57:56] [Server thread/INFO]: [ShopGUIPlus] Loaded shop 'mobdrops' with 19 items.
[17:57:56] [Server thread/INFO]: [ShopGUIPlus] Loaded shop 'potions' with 45 items.
[17:57:56] [Server thread/INFO]: [ShopGUIPlus] Loaded shop 'tools' with 26 items.
[17:57:56] [Server thread/INFO]: [ShopGUIPlus] Loaded shop 'farming' with 18 items.
[17:57:56] [Server thread/INFO]: [ShopGUIPlus] Loaded shop 'drops' with 17 items.
[17:57:56] [Server thread/INFO]: [ShopGUIPlus] Loaded shop 'misc' with 41 items.
[17:57:57] [Server thread/INFO]: [ShopGUIPlus] Loaded shop 'wood' with 96 items.
[17:57:57] [Server thread/INFO]: [ShopGUIPlus] Loaded 26 shops with total of 1274 items.
[17:57:57] [Server thread/INFO]: [ShopGUIPlus] Loaded 20 permission-based price modifiers.
[17:57:57] [Server thread/INFO]: [ShopGUIPlus] Loaded 7 sounds.
[17:57:57] [Server thread/INFO]: [ShopGUIPlus]  
[17:57:57] [Server thread/INFO]: [ShopGUIPlus] ====================================================================================
[17:57:57] [Craft Scheduler Thread - 22 - MythicMobs/INFO]: [Generation] Starting Pack Generator...
[17:57:57] [Craft Scheduler Thread - 5 - ModelEngine/INFO]: [ModelEngine] [A] 
[17:57:57] [Craft Scheduler Thread - 5 - ModelEngine/INFO]: [ModelEngine] [A] Resource pack zipped.
[17:58:00] [Server thread/INFO]: [MyCommand] found an update for MyCommand. Type /mycommand for more infos.
[17:58:05] [Craft Scheduler Thread - 22 - MythicMobs/INFO]: [Generation] Processing ModelEngine Pack...
[17:58:05] [Craft Scheduler Thread - 22 - MythicMobs/INFO]: [Generation] Generating Custom Blocks...
[17:58:05] [Craft Scheduler Thread - 22 - MythicMobs/INFO]: [Generation] Generating Items...
[17:58:05] [Craft Scheduler Thread - 22 - MythicMobs/INFO]: [Generation] Assigning Legacy CMD Materials...
[17:58:05] [Craft Scheduler Thread - 22 - MythicMobs/INFO]: [Generation] Generating Legacy Definitions...
[17:58:05] [Craft Scheduler Thread - 22 - MythicMobs/INFO]: [Generation] Generating Sounds...
[17:58:05] [Craft Scheduler Thread - 22 - MythicMobs/INFO]: [Generation] Linking Custom Blocks...
[17:58:05] [Craft Scheduler Thread - 22 - MythicMobs/INFO]: [Generation] Generating Atlas...
[17:58:05] [Craft Scheduler Thread - 22 - MythicMobs/INFO]: [Generation] Zipping Pack...
[17:58:08] [Craft Scheduler Thread - 22 - MythicMobs/INFO]: [Generation] Generation Completed in 11283ms
[17:58:09] [User Authenticator #0/INFO]: UUID of player Mdinqt is f1afec0d-dcc8-3917-8765-ef5f0051b637
[17:58:12] [Server thread/INFO]: Mdinqt[/127.29.250.101:41117] logged in with entity id 458 at ([Athenia]155.56365984763576, 31.0, 420.57278171595703)
[17:58:27] [Folia Async Scheduler Thread #4/INFO]: [nLogin] The user Mdinqt has successfully logged in.
[17:58:30] [Server thread/INFO]: Mdinqt issued server command: /gm 1
[17:58:30] [Server thread/INFO]: Mdinqt issued mycmd (gamemode_alias) command /gm 1
[17:58:30] [Server thread/INFO]: Mdinqt issued server command: /gamemode 1
[17:59:01] [Server thread/INFO]: Mdinqt issued server command: /home magicbunny
[17:59:04] [Server thread/INFO]: Mdinqt issued server command: /gm 1
[17:59:04] [Server thread/INFO]: Mdinqt issued mycmd (gamemode_alias) command /gm 1
[17:59:04] [Server thread/INFO]: Mdinqt issued server command: /gamemode 1
[17:59:52] [Server thread/INFO]: [NBTAPI] [NBTAPI] Found Minecraft: 1.21.1! Trying to find NMS support
[17:59:52] [Server thread/INFO]: [NBTAPI] [NBTAPI] NMS support 'MC1_21_R1' loaded!
[17:59:52] [Server thread/INFO]: [NBTAPI] [NBTAPI] Using the plugin 'ShopGUIPlus' to create a bStats instance!
[18:00:03] [Server thread/INFO]: Mdinqt issued server command: /iaget armors_me:purple_boots
[18:00:06] [Server thread/INFO]: Mdinqt issued server command: /iaget armors_me:purple_chestplate
[18:00:10] [Server thread/INFO]: Mdinqt issued server command: /iaget armors_me:purple_leggings
[18:00:12] [Server thread/INFO]: Mdinqt issued server command: /iaget armors_me:purple_helmet
[18:00:14] [Server thread/INFO]: Mdinqt issued server command: /shop
[18:00:15] [Server thread/INFO]: [ShopGUIPlus] Mdinqt bought protection environmental enchantment for 176,000 from enchantbooks shop
[18:00:17] [Server thread/INFO]: [ShopGUIPlus] Mdinqt bought durability enchantment for 88,000 from enchantbooks shop
[18:00:19] [Server thread/INFO]: Mdinqt issued server command: /shop
[18:00:20] [Server thread/INFO]: [ShopGUIPlus] Mdinqt bought protection environmental enchantment for 176,000 from enchantbooks shop
[18:00:21] [Server thread/INFO]: [ShopGUIPlus] Mdinqt bought durability enchantment for 88,000 from enchantbooks shop
[18:00:22] [Server thread/INFO]: Mdinqt issued server command: /shop
[18:00:25] [Server thread/INFO]: [ShopGUIPlus] Mdinqt bought protection environmental enchantment for 176,000 from enchantbooks shop
[18:00:25] [Server thread/INFO]: [ShopGUIPlus] Mdinqt bought durability enchantment for 88,000 from enchantbooks shop
[18:00:27] [Server thread/INFO]: Mdinqt issued server command: /shop
[18:00:28] [Server thread/INFO]: [ShopGUIPlus] Mdinqt bought protection environmental enchantment for 176,000 from enchantbooks shop
[18:00:29] [Server thread/INFO]: [ShopGUIPlus] Mdinqt bought durability enchantment for 88,000 from enchantbooks shop
[18:01:16] [Server thread/INFO]: Mdinqt issued server command: /mm items get PlumaVacio
[18:01:44] [Server thread/INFO]: Mdinqt issued server command: /shop
[18:01:48] [Server thread/INFO]: [ShopGUIPlus] Mdinqt bought durability enchantment for 88,000 from enchantbooks shop
[18:02:03] [Server thread/INFO]: Mdinqt issued server command: /mm items get TotemAureo
[18:02:36] [Server thread/INFO]: Mdinqt issued server command: /mm items get GlowyEnchantedApple
[18:03:15] [Server thread/INFO]: Mdinqt issued server command: /whitelist add Teio45
[18:03:15] [Server thread/INFO]: [Mdinqt: Added Teio45 to the whitelist]
[18:03:34] [Async Chat Thread - #0/INFO]: [Not Secure] [23] 〘Mdinqt〙 ➤ part-animal.gl.joinmc.link
[18:03:40] [Server thread/INFO]: [ConditionalEvents] Event DormirSancion enabled.
[18:03:40] [Server thread/INFO]: [ConditionalEvents] Event dormir_fin enabled.
[18:03:49] [Async Chat Thread - #0/INFO]: [Not Secure] [23] 〘Mdinqt〙 ➤ a
[18:04:00] [Async Chat Thread - #0/INFO]: [Not Secure] [23] 〘Mdinqt〙 ➤ a
[18:11:58] [Server thread/INFO]: Mdinqt lost connection: Timed out
[18:13:21] [Server thread/INFO]: [ConditionalEvents] Event DormirSancion disabled.
[18:13:21] [Server thread/INFO]: [ConditionalEvents] Event dormir_fin disabled.
[18:20:39] [User Authenticator #1/INFO]: UUID of player Mdinqt is f1afec0d-dcc8-3917-8765-ef5f0051b637
[18:20:41] [Server thread/INFO]: Mdinqt[/127.29.250.101:57085] logged in with entity id 12141 at ([world]121.11122205479263, 123.22228658648491, -79.67936679849241)
[18:20:55] [Folia Async Scheduler Thread #4/INFO]: [nLogin] The user Mdinqt has successfully logged in.
[18:21:24] [Server thread/INFO]: Mdinqt issued server command: /mm items get PlumaDorada
[18:22:23] [Server thread/INFO]: Mdinqt issued server command: /mm items get PrismaPsique
[18:32:19] [Server thread/INFO]: Named entity Husk['Shadow Spider'/18589, uuid='d44f1c3c-10fd-4fb9-84f2-2b78da753a25', l='ServerLevel[world]', x=111.52, y=8.00, z=-48.07, cpos=[6, -4], tl=407, v=true] died: Shadow Spider suffocated in a wall
[19:00:41] [Server thread/INFO]: Mdinqt issued server command: /invsee
[19:00:49] [Server thread/INFO]: Mdinqt issued server command: /invsee Mdinqt
[19:12:06] [Server thread/INFO]: Named entity Husk['Shadow Spider'/33880, uuid='9bdb62ac-5c55-4fe3-90a9-6360511aadf5', l='ServerLevel[world]', x=120.54, y=12.00, z=-168.73, cpos=[7, -11], tl=792, v=true] died: Shadow Spider suffocated in a wall
[19:32:37] [User Authenticator #2/INFO]: UUID of player infernaldeath6 is 33a08378-6abd-3356-bd90-d6b625048b5b
[19:32:37] [Server thread/INFO]: [EconomyShopGUI] [DEBUG]: Detected skin change of infernaldeath6, updating cached skin...
[19:32:37] [Server thread/INFO]: infernaldeath6[/127.10.110.163:52665] logged in with entity id 46195 at ([world]-29.5, 63.0, -167.5)
[19:32:37] [Server thread/INFO]: [PvPManager] Resumed new player protection for infernaldeath6 because they left an excluded world.
[19:32:37] [Craft Scheduler Thread - 116 - MythicMobs/ERROR]: [MythicMobs] [SCHEDULER] Exception thrown whilst executing task
[19:32:37] [Craft Scheduler Thread - 116 - MythicMobs/WARN]: java.lang.IndexOutOfBoundsException: Index (1) is greater than or equal to list size (1)
[19:32:37] [Craft Scheduler Thread - 80 - MythicMobs/ERROR]: [MythicMobs] [SCHEDULER] Exception thrown whilst executing task
[19:32:37] [Craft Scheduler Thread - 116 - MythicMobs/WARN]: 	at it.unimi.dsi.fastutil.objects.ObjectArrayList.get(ObjectArrayList.java:381)
[19:32:37] [Craft Scheduler Thread - 116 - MythicMobs/WARN]: 	at MythicMobs-5.10.0-131488.jar//io.lumine.mythic.core.spawning.random.generators.ClusterGenerator.lambda$getPlayerGroups$2(ClusterGenerator.java:117)
[19:32:37] [Craft Scheduler Thread - 116 - MythicMobs/WARN]: 	at java.base/java.util.stream.ReferencePipeline$3$1.accept(ReferencePipeline.java:197)
[19:32:37] [Craft Scheduler Thread - 116 - MythicMobs/WARN]: 	at java.base/java.util.ArrayList$ArrayListSpliterator.forEachRemaining(ArrayList.java:1708)
[19:32:37] [Craft Scheduler Thread - 116 - MythicMobs/WARN]: 	at java.base/java.util.stream.AbstractPipeline.copyInto(AbstractPipeline.java:509)
[19:32:37] [Craft Scheduler Thread - 116 - MythicMobs/WARN]: 	at java.base/java.util.stream.AbstractPipeline.wrapAndCopyInto(AbstractPipeline.java:499)
[19:32:37] [Craft Scheduler Thread - 116 - MythicMobs/WARN]: 	at java.base/java.util.stream.ReduceOps$ReduceOp.evaluateSequential(ReduceOps.java:921)
[19:32:37] [Craft Scheduler Thread - 116 - MythicMobs/WARN]: 	at java.base/java.util.stream.AbstractPipeline.evaluate(AbstractPipeline.java:234)
[19:32:37] [Craft Scheduler Thread - 116 - MythicMobs/WARN]: 	at java.base/java.util.stream.ReferencePipeline.collect(ReferencePipeline.java:682)
[19:32:37] [Craft Scheduler Thread - 116 - MythicMobs/WARN]: 	at MythicMobs-5.10.0-131488.jar//io.lumine.mythic.core.spawning.random.generators.ClusterGenerator.lambda$getPlayerGroups$3(ClusterGenerator.java:118)
[19:32:37] [Craft Scheduler Thread - 116 - MythicMobs/WARN]: 	at java.base/java.util.ArrayList.forEach(ArrayList.java:1596)
[19:32:37] [Craft Scheduler Thread - 116 - MythicMobs/WARN]: 	at MythicMobs-5.10.0-131488.jar//io.lumine.mythic.core.spawning.random.generators.ClusterGenerator.getPlayerGroups(ClusterGenerator.java:115)
[19:32:37] [Craft Scheduler Thread - 116 - MythicMobs/WARN]: 	at MythicMobs-5.10.0-131488.jar//io.lumine.mythic.core.spawning.random.generators.ClusterGenerator.tick(ClusterGenerator.java:44)
[19:32:37] [Craft Scheduler Thread - 116 - MythicMobs/WARN]: 	at MythicMobs-5.10.0-131488.jar//io.lumine.mythic.core.spawning.random.RandomSpawnGenerator.run(RandomSpawnGenerator.java:29)
[19:32:37] [Craft Scheduler Thread - 116 - MythicMobs/WARN]: 	at MythicMobs-5.10.0-131488.jar//io.lumine.mythic.bukkit.utils.Delegates$RunnableToConsumer.accept(Delegates.java:93)
[19:32:37] [Craft Scheduler Thread - 116 - MythicMobs/WARN]: 	at MythicMobs-5.10.0-131488.jar//io.lumine.mythic.bukkit.utils.Schedulers$LumineTask.run(Schedulers.java:184)
[19:32:37] [Craft Scheduler Thread - 116 - MythicMobs/WARN]: 	at org.bukkit.craftbukkit.scheduler.CraftTask.run(CraftTask.java:86)
[19:32:37] [Craft Scheduler Thread - 116 - MythicMobs/WARN]: 	at org.bukkit.craftbukkit.scheduler.CraftAsyncTask.run(CraftAsyncTask.java:57)
[19:32:37] [Craft Scheduler Thread - 116 - MythicMobs/WARN]: 	at com.destroystokyo.paper.ServerSchedulerReportingWrapper.run(ServerSchedulerReportingWrapper.java:22)
[19:32:37] [Craft Scheduler Thread - 116 - MythicMobs/WARN]: 	at java.base/java.util.concurrent.ThreadPoolExecutor.runWorker(ThreadPoolExecutor.java:1144)
[19:32:37] [Craft Scheduler Thread - 116 - MythicMobs/WARN]: 	at java.base/java.util.concurrent.ThreadPoolExecutor$Worker.run(ThreadPoolExecutor.java:642)
[19:32:37] [Craft Scheduler Thread - 116 - MythicMobs/WARN]: 	at java.base/java.lang.Thread.run(Thread.java:1583)
[19:32:37] [Craft Scheduler Thread - 80 - MythicMobs/WARN]: java.lang.IndexOutOfBoundsException: Index (1) is greater than or equal to list size (1)
[19:32:37] [Craft Scheduler Thread - 80 - MythicMobs/WARN]: 	at it.unimi.dsi.fastutil.objects.ObjectArrayList.get(ObjectArrayList.java:381)
[19:32:37] [Craft Scheduler Thread - 80 - MythicMobs/WARN]: 	at MythicMobs-5.10.0-131488.jar//io.lumine.mythic.core.spawning.random.generators.ClusterGenerator.lambda$getPlayerGroups$2(ClusterGenerator.java:117)
[19:32:37] [Craft Scheduler Thread - 80 - MythicMobs/WARN]: 	at java.base/java.util.stream.ReferencePipeline$3$1.accept(ReferencePipeline.java:197)
[19:32:37] [Craft Scheduler Thread - 80 - MythicMobs/WARN]: 	at java.base/java.util.ArrayList$ArrayListSpliterator.forEachRemaining(ArrayList.java:1708)
[19:32:37] [Craft Scheduler Thread - 80 - MythicMobs/WARN]: 	at java.base/java.util.stream.AbstractPipeline.copyInto(AbstractPipeline.java:509)
[19:32:37] [Craft Scheduler Thread - 80 - MythicMobs/WARN]: 	at java.base/java.util.stream.AbstractPipeline.wrapAndCopyInto(AbstractPipeline.java:499)
[19:32:37] [Craft Scheduler Thread - 80 - MythicMobs/WARN]: 	at java.base/java.util.stream.ReduceOps$ReduceOp.evaluateSequential(ReduceOps.java:921)
[19:32:37] [Craft Scheduler Thread - 80 - MythicMobs/WARN]: 	at java.base/java.util.stream.AbstractPipeline.evaluate(AbstractPipeline.java:234)
[19:32:37] [Craft Scheduler Thread - 80 - MythicMobs/WARN]: 	at java.base/java.util.stream.ReferencePipeline.collect(ReferencePipeline.java:682)
[19:32:37] [Craft Scheduler Thread - 80 - MythicMobs/WARN]: 	at MythicMobs-5.10.0-131488.jar//io.lumine.mythic.core.spawning.random.generators.ClusterGenerator.lambda$getPlayerGroups$3(ClusterGenerator.java:118)
[19:32:37] [Craft Scheduler Thread - 80 - MythicMobs/WARN]: 	at java.base/java.util.ArrayList.forEach(ArrayList.java:1596)
[19:32:37] [Server thread/WARN]: [EssentialsSpawn] <dark_red>That kit does not exist.
[19:32:37] [Craft Scheduler Thread - 80 - MythicMobs/WARN]: 	at MythicMobs-5.10.0-131488.jar//io.lumine.mythic.core.spawning.random.generators.ClusterGenerator.getPlayerGroups(ClusterGenerator.java:115)
[19:32:37] [Craft Scheduler Thread - 80 - MythicMobs/WARN]: 	at MythicMobs-5.10.0-131488.jar//io.lumine.mythic.core.spawning.random.generators.ClusterGenerator.tick(ClusterGenerator.java:44)
[19:32:37] [Craft Scheduler Thread - 80 - MythicMobs/WARN]: 	at MythicMobs-5.10.0-131488.jar//io.lumine.mythic.core.spawning.random.RandomSpawnGenerator.run(RandomSpawnGenerator.java:29)
[19:32:37] [Craft Scheduler Thread - 80 - MythicMobs/WARN]: 	at MythicMobs-5.10.0-131488.jar//io.lumine.mythic.bukkit.utils.Delegates$RunnableToConsumer.accept(Delegates.java:93)
[19:32:37] [Craft Scheduler Thread - 80 - MythicMobs/WARN]: 	at MythicMobs-5.10.0-131488.jar//io.lumine.mythic.bukkit.utils.Schedulers$LumineTask.run(Schedulers.java:184)
[19:32:37] [Craft Scheduler Thread - 80 - MythicMobs/WARN]: 	at org.bukkit.craftbukkit.scheduler.CraftTask.run(CraftTask.java:86)
[19:32:37] [Craft Scheduler Thread - 80 - MythicMobs/WARN]: 	at org.bukkit.craftbukkit.scheduler.CraftAsyncTask.run(CraftAsyncTask.java:57)
[19:32:37] [Craft Scheduler Thread - 80 - MythicMobs/WARN]: 	at com.destroystokyo.paper.ServerSchedulerReportingWrapper.run(ServerSchedulerReportingWrapper.java:22)
[19:32:37] [Craft Scheduler Thread - 80 - MythicMobs/WARN]: 	at java.base/java.util.concurrent.ThreadPoolExecutor.runWorker(ThreadPoolExecutor.java:1144)
[19:32:37] [Craft Scheduler Thread - 80 - MythicMobs/WARN]: 	at java.base/java.util.concurrent.ThreadPoolExecutor$Worker.run(ThreadPoolExecutor.java:642)
[19:32:37] [Craft Scheduler Thread - 80 - MythicMobs/WARN]: 	at java.base/java.lang.Thread.run(Thread.java:1583)
[19:32:38] [Craft Scheduler Thread - 115 - PlaceholderAPI/INFO]: [LocalTime] Couldn't get infernaldeath6's timezone. Will use default timezone.
[19:32:58] [Folia Async Scheduler Thread #3/INFO]: [nLogin] The user infernaldeath6 has successfully registered.
[19:33:03] [Async Chat Thread - #3/INFO]: [Not Secure] [0] 〘infernaldeath6〙 ➤ a
[19:33:07] [Async Chat Thread - #3/INFO]: [Not Secure] [0] 〘infernaldeath6〙 ➤ OMG
[19:33:12] [Server thread/INFO]: Mdinqt issued server command: /tp infernaldeath6 Mdinqt
[19:33:12] [Server thread/INFO]: [PvPManager] Resumed new player protection for infernaldeath6 because they left an excluded world.
[19:33:15] [Async Chat Thread - #3/INFO]: [Not Secure] [24] 〘Mdinqt〙 ➤ tan rapido wtf
[19:33:17] [Async Chat Thread - #3/INFO]: [Not Secure] [24] 〘Mdinqt〙 ➤ quedate quieto
[19:33:24] [Server thread/INFO]: Mdinqt issued server command: /invsee infernaldeath6
[19:33:25] [Async Chat Thread - #3/INFO]: [Not Secure] [24] 〘Mdinqt〙 ➤ ya
[19:33:26] [Async Chat Thread - #3/INFO]: [Not Secure] [24] 〘Mdinqt〙 ➤ ven
[19:33:33] [Async Chat Thread - #2/INFO]: [Not Secure] [24] 〘Mdinqt〙 ➤ un cofre para vos
[19:34:01] [Server thread/INFO]: Mdinqt issued server command: /invsee infernaldeath6
[19:34:06] [Async Chat Thread - #2/INFO]: [Not Secure] [24] 〘Mdinqt〙 ➤ ordena tu inventario
[19:34:07] [Async Chat Thread - #2/INFO]: [Not Secure] [24] 〘Mdinqt〙 ➤ equipate
[19:34:09] [Async Chat Thread - #2/INFO]: [Not Secure] [24] 〘Mdinqt〙 ➤ lee un poco
[19:34:15] [Async Chat Thread - #2/INFO]: [Not Secure] [24] 〘Mdinqt〙 ➤ y seguimos con el testeo
[19:34:27] [Async Chat Thread - #2/INFO]: [Not Secure] [24] 〘Mdinqt〙 ➤ me avisas
[19:34:36] [Async Chat Thread - #2/INFO]: [Not Secure] [0] 〘infernaldeath6〙 ➤ ya
[19:34:41] [Server thread/INFO]: Mdinqt issued server command: /invsee infernaldeath6
[19:34:44] [Async Chat Thread - #3/INFO]: [Not Secure] [0] 〘infernaldeath6〙 ➤ no tiene tp el server?
[19:34:45] [Server thread/INFO]: Mdinqt issued server command: /tp infernaldeath6 Mdinqt
[19:34:48] [Async Chat Thread - #3/INFO]: [Not Secure] [24] 〘Mdinqt〙 ➤ si tiene
[19:34:49] [Async Chat Thread - #3/INFO]: [Not Secure] [0] 〘infernaldeath6〙 ➤ laas rosas son papeles
[19:34:52] [Async Chat Thread - #3/INFO]: [Not Secure] [24] 〘Mdinqt〙 ➤ ahhh
[19:34:55] [Async Chat Thread - #3/INFO]: [Not Secure] [24] 〘Mdinqt〙 ➤ joder
[19:34:58] [Async Chat Thread - #3/INFO]: [Not Secure] [24] 〘Mdinqt〙 ➤ dame 1s
[19:35:00] [Server thread/INFO]: Mdinqt issued server command: /iazip
[19:35:00] [Server thread/WARN]: ItemsAdder) Using default server address: . Consider setting it in the `config.yml`
[19:35:00] [Server thread/WARN]: ItemsAdder) Using default server port: 25565. Consider setting it in the `config.yml`
[19:35:00] [Server thread/WARN]: ItemsAdder) Setting player resourcepack status to installed because the plugin was reloaded.
[19:35:00] [Server thread/WARN]: ItemsAdder) Setting player resourcepack status to installed because the plugin was reloaded.
[19:35:01] [Craft Scheduler Thread - 113 - ItemsAdder/INFO]: ItemsAdder) [Content] Loaded 323 items
[19:35:01] [Craft Scheduler Thread - 113 - ItemsAdder/INFO]: ItemsAdder) Used Blocks IDs:
[19:35:01] [Craft Scheduler Thread - 113 - ItemsAdder/INFO]: ItemsAdder)  - REAL 0/188
[19:35:01] [Craft Scheduler Thread - 113 - ItemsAdder/INFO]: ItemsAdder)  - REAL_NOTE 29/750
[19:35:01] [Craft Scheduler Thread - 113 - ItemsAdder/INFO]: ItemsAdder)  - REAL_TRANSPARENT 0/63
[19:35:01] [Craft Scheduler Thread - 113 - ItemsAdder/INFO]: ItemsAdder) Used Font Images: 700/6608
[19:35:01] [Craft Scheduler Thread - 113 - ItemsAdder/INFO]: ItemsAdder) [Content] Loaded 9 categories
[19:35:01] [Craft Scheduler Thread - 113 - ItemsAdder/INFO]: ItemsAdder) [Content] Loaded successfully in 393ms
[19:35:01] [Craft Scheduler Thread - 113 - ItemsAdder/INFO]: ItemsAdder)  
[19:35:01] [Craft Scheduler Thread - 113 - ItemsAdder/INFO]: ItemsAdder)  
[19:35:01] [Craft Scheduler Thread - 113 - ItemsAdder/INFO]: ItemsAdder) [Pack] Started generation
[19:35:01] [Server thread/INFO]: [PlaceholderAPI] Successfully registered internal expansion: img [1.0.1]
[19:35:01] [Server thread/INFO]: [PlaceholderAPI] Successfully registered internal expansion: iaplayerstat [1.0.1]
[19:35:01] [Server thread/INFO]: [Craftorithm] Found ItemsAdder, hooked successfully.
[19:35:01] [Server thread/INFO]: [Craftorithm] Found MythicMobs, hooked successfully.
[19:35:04] [Craft Scheduler Thread - 113 - ItemsAdder/INFO]: ItemsAdder)  
[19:35:04] [Craft Scheduler Thread - 113 - ItemsAdder/INFO]: ItemsAdder) [Pack] Generated resourcepack assets.
[19:35:04] [Craft Scheduler Thread - 113 - ItemsAdder/INFO]: ItemsAdder) [Pack] Compressing resource_pack ... 
[19:35:05] [Craft Scheduler Thread - 113 - ItemsAdder/WARN]: ItemsAdder) Duplicate found. contents/rms_the_end/resourcepack/assets/minecraft/optifine/emissive.properties -> optifine/emissive.properties
[19:35:05] [Craft Scheduler Thread - 113 - ItemsAdder/WARN]: ItemsAdder) Previous file: contents/extras/resourcepack/minecraft/optifine/emissive.properties
[19:35:05] [Craft Scheduler Thread - 113 - ItemsAdder/WARN]: ItemsAdder) Duplicate found. plugins/ModelEngine/resource pack/assets/minecraft/optifine/emissive.properties -> optifine/emissive.properties
[19:35:05] [Craft Scheduler Thread - 113 - ItemsAdder/WARN]: ItemsAdder) Previous file: contents/extras/resourcepack/minecraft/optifine/emissive.properties
[19:35:06] [Craft Scheduler Thread - 113 - ItemsAdder/WARN]: ItemsAdder) [Pack] pre-1.21.2 shader JSON found. Adding 1.21.2+ compatibility. File: plugins/ModelEngine/resource pack/assets/minecraft/shaders/core/rendertype_entity_translucent.json
[19:35:06] [Craft Scheduler Thread - 113 - ItemsAdder/WARN]: ItemsAdder) Bundled file compression skipped. Duplicate found 'internal/emissive.properties' -> 'assets/minecraft/optifine/emissive.properties' | duplicate entry: assets/minecraft/optifine/emissive.properties
[19:35:09] [Craft Scheduler Thread - 113 - ItemsAdder/INFO]: ItemsAdder) [Pack] Resource pack successfully compressed. Uploading...
[19:35:09] [Craft Scheduler Thread - 113 - ItemsAdder/INFO]: ItemsAdder) [Pack] Uploading resourcepack...
[19:35:10] [Craft Scheduler Thread - 113 - ItemsAdder/INFO]: ItemsAdder) [Pack] Finished uploading resourcepack: https://lobfile.com/file/3qZA7w6E.zip
[19:35:10] [Craft Scheduler Thread - 113 - ItemsAdder/INFO]: ItemsAdder) [Pack] Compressed in 6692ms
[19:35:10] [Craft Scheduler Thread - 113 - ItemsAdder/INFO]: ItemsAdder) [OK] Protected from unzip.
[19:35:11] [Craft Scheduler Thread - 113 - ItemsAdder/INFO]: ItemsAdder) [Pack] Resourcepack URL is valid (lobfile). URL: https://lobfile.com/file/3qZA7w6E.zip
[19:35:11] [Craft Scheduler Thread - 113 - ItemsAdder/INFO]: ItemsAdder) [Pack] Sent to 2 players
[19:35:27] [Server thread/INFO]: [Not Secure] [Server] ay
[19:35:32] [Server thread/INFO]: [Not Secure] [Server] gay
[19:35:49] [Async Chat Thread - #3/INFO]: [Not Secure] [24] 〘Mdinqt〙 ➤ ya esta?
[19:35:53] [Async Chat Thread - #3/INFO]: [Not Secure] [0] 〘infernaldeath6〙 ➤ ya
[19:35:58] [Async Chat Thread - #2/INFO]: [Not Secure] [24] 〘Mdinqt〙 ➤ ahora si se ven las texturas?
[19:36:04] [Async Chat Thread - #3/INFO]: [Not Secure] [24] 〘Mdinqt〙 ➤ ahora si se ven las texturas?
[19:36:05] [Async Chat Thread - #3/INFO]: [Not Secure] [24] 〘Mdinqt〙 ➤ ahora si se ven las texturas?
[19:36:06] [Async Chat Thread - #3/INFO]: [Not Secure] [0] 〘infernaldeath6〙 ➤ sipe
[19:36:07] [Async Chat Thread - #3/INFO]: [Not Secure] [24] 〘Mdinqt〙 ➤ ya
[19:36:10] [Async Chat Thread - #3/INFO]: [Not Secure] [24] 〘Mdinqt〙 ➤ quedate aca
[19:36:14] [Server thread/INFO]: Mdinqt issued server command: /tp infernaldeath6 Mdinqt
[19:36:17] [Server thread/INFO]: Mdinqt issued server command: /tp infernaldeath6 Mdinqt
[19:36:19] [Async Chat Thread - #3/INFO]: [Not Secure] [24] 〘Mdinqt〙 ➤ centro
[19:36:28] [Async Chat Thread - #3/INFO]: [Not Secure] [24] 〘Mdinqt〙 ➤ dime un numero del 1 al 4
[19:36:37] [Async Chat Thread - #3/INFO]: [Not Secure] [0] 〘infernaldeath6〙 ➤ 3.9
[19:36:42] [Async Chat Thread - #3/INFO]: [Not Secure] [24] 〘Mdinqt〙 ➤ 3
[19:36:46] [Async Chat Thread - #3/INFO]: [Not Secure] [0] 〘infernaldeath6〙 ➤ 4
[19:36:49] [Async Chat Thread - #3/INFO]: [Not Secure] [24] 〘Mdinqt〙 ➤ ok
[19:37:00] [Server thread/INFO]: Mdinqt issued server command: /mm m s mega_warden
[19:37:05] [Server thread/INFO]: Mdinqt issued server command: /gm 3
[19:37:05] [Server thread/INFO]: Mdinqt issued mycmd (gamemode_alias) command /gm 3
[19:37:05] [Server thread/INFO]: Mdinqt issued server command: /gamemode 3
[19:37:11] [Craft Scheduler Thread - 102 - ModelEngine/WARN]: [ModelEngine] [A] Unknown MythicMobs script: MEGAWARDEN_leftswipe_totem
[19:37:11] [Craft Scheduler Thread - 120 - ModelEngine/WARN]: [ModelEngine] [A] Unknown MythicMobs script: MEGAWARDEN_leftswipe_totem
[19:37:11] [Craft Scheduler Thread - 120 - ModelEngine/WARN]: [ModelEngine] [A] Unknown MythicMobs script: MEGAWARDEN_leftswipe_totem
[19:37:11] [Craft Scheduler Thread - 116 - ModelEngine/WARN]: [ModelEngine] [A] Unknown MythicMobs script: MEGAWARDEN_leftswipe_totem
[19:37:11] [Craft Scheduler Thread - 98 - ModelEngine/WARN]: [ModelEngine] [A] Unknown MythicMobs script: MEGAWARDEN_leftswipe_totem
[19:37:11] [Craft Scheduler Thread - 113 - ModelEngine/WARN]: [ModelEngine] [A] Unknown MythicMobs script: MEGAWARDEN_leftswipe_totem
[19:37:11] [Craft Scheduler Thread - 80 - ModelEngine/WARN]: [ModelEngine] [A] Unknown MythicMobs script: MEGAWARDEN_leftswipe_totem
[19:37:11] [Craft Scheduler Thread - 126 - ModelEngine/WARN]: [ModelEngine] [A] Unknown MythicMobs script: MEGAWARDEN_leftswipe_totem
[19:37:11] [Craft Scheduler Thread - 126 - ModelEngine/WARN]: [ModelEngine] [A] Unknown MythicMobs script: MEGAWARDEN_leftswipe_totem
[19:37:12] [Craft Scheduler Thread - 116 - ModelEngine/WARN]: [ModelEngine] [A] Unknown MythicMobs script: MEGAWARDEN_leftswipe_totem
[19:37:13] [Craft Scheduler Thread - 120 - ModelEngine/WARN]: [ModelEngine] [A] Unknown MythicMobs script: MEGAWARDEN_leftswipe_totem
[19:37:13] [Craft Scheduler Thread - 120 - ModelEngine/WARN]: [ModelEngine] [A] Unknown MythicMobs script: MEGAWARDEN_leftswipe_totem
[19:37:13] [Craft Scheduler Thread - 118 - ModelEngine/WARN]: [ModelEngine] [A] Unknown MythicMobs script: MEGAWARDEN_leftswipe_totem
[19:37:13] [Craft Scheduler Thread - 113 - ModelEngine/WARN]: [ModelEngine] [A] Unknown MythicMobs script: MEGAWARDEN_leftswipe_totem
[19:37:13] [Craft Scheduler Thread - 39 - ModelEngine/WARN]: [ModelEngine] [A] Unknown MythicMobs script: MEGAWARDEN_leftswipe_totem
[19:37:13] [Craft Scheduler Thread - 110 - ModelEngine/WARN]: [ModelEngine] [A] Unknown MythicMobs script: MEGAWARDEN_leftswipe_totem
[19:37:13] [Craft Scheduler Thread - 71 - ModelEngine/WARN]: [ModelEngine] [A] Unknown MythicMobs script: MEGAWARDEN_rightswipe_totem
[19:37:13] [Craft Scheduler Thread - 71 - ModelEngine/WARN]: [ModelEngine] [A] Unknown MythicMobs script: MEGAWARDEN_rightswipe_totem
[19:37:13] [Craft Scheduler Thread - 110 - ModelEngine/WARN]: [ModelEngine] [A] Unknown MythicMobs script: MEGAWARDEN_rightswipe_totem
[19:37:13] [Craft Scheduler Thread - 39 - ModelEngine/WARN]: [ModelEngine] [A] Unknown MythicMobs script: MEGAWARDEN_rightswipe_totem
[19:37:13] [Craft Scheduler Thread - 113 - ModelEngine/WARN]: [ModelEngine] [A] Unknown MythicMobs script: MEGAWARDEN_rightswipe_totem
[19:37:13] [Craft Scheduler Thread - 115 - ModelEngine/WARN]: [ModelEngine] [A] Unknown MythicMobs script: MEGAWARDEN_rightswipe_totem
[19:37:13] [Craft Scheduler Thread - 110 - ModelEngine/WARN]: [ModelEngine] [A] Unknown MythicMobs script: MEGAWARDEN_rightswipe_totem
[19:37:13] [Craft Scheduler Thread - 110 - ModelEngine/WARN]: [ModelEngine] [A] Unknown MythicMobs script: MEGAWARDEN_rightswipe_totem
[19:37:13] [Craft Scheduler Thread - 118 - ModelEngine/WARN]: [ModelEngine] [A] Unknown MythicMobs script: MEGAWARDEN_rightswipe_totem
[19:37:14] [Craft Scheduler Thread - 118 - ModelEngine/WARN]: [ModelEngine] [A] Unknown MythicMobs script: MEGAWARDEN_leftswipe_totem
[19:37:14] [Craft Scheduler Thread - 113 - ModelEngine/WARN]: [ModelEngine] [A] Unknown MythicMobs script: MEGAWARDEN_leftswipe_totem
[19:37:14] [Craft Scheduler Thread - 113 - ModelEngine/WARN]: [ModelEngine] [A] Unknown MythicMobs script: MEGAWARDEN_leftswipe_totem
[19:37:14] [Craft Scheduler Thread - 120 - ModelEngine/WARN]: [ModelEngine] [A] Unknown MythicMobs script: MEGAWARDEN_leftswipe_totem
[19:37:14] [Craft Scheduler Thread - 39 - ModelEngine/WARN]: [ModelEngine] [A] Unknown MythicMobs script: MEGAWARDEN_leftswipe_totem
[19:37:14] [Craft Scheduler Thread - 80 - ModelEngine/WARN]: [ModelEngine] [A] Unknown MythicMobs script: MEGAWARDEN_leftswipe_totem
[19:37:14] [Craft Scheduler Thread - 120 - ModelEngine/WARN]: [ModelEngine] [A] Unknown MythicMobs script: MEGAWARDEN_leftswipe_totem
[19:37:14] [Craft Scheduler Thread - 105 - ModelEngine/WARN]: [ModelEngine] [A] Unknown MythicMobs script: MEGAWARDEN_leftswipe_totem
[19:37:19] [Server thread/INFO]: Named entity Husk['Shadow Spider'/52888, uuid='4289d048-a7f4-442a-9266-a334803f5f84', l='ServerLevel[world]', x=43.15, y=18.00, z=-50.69, cpos=[2, -4], tl=193, v=true] died: Shadow Spider suffocated in a wall
[19:37:21] [Craft Scheduler Thread - 112 - ModelEngine/WARN]: [ModelEngine] [A] Unknown MythicMobs script: MEGAWARDEN_leftswipe_totem
[19:37:21] [Craft Scheduler Thread - 126 - ModelEngine/WARN]: [ModelEngine] [A] Unknown MythicMobs script: MEGAWARDEN_leftswipe_totem
[19:37:21] [Craft Scheduler Thread - 126 - ModelEngine/WARN]: [ModelEngine] [A] Unknown MythicMobs script: MEGAWARDEN_leftswipe_totem
[19:37:21] [Craft Scheduler Thread - 105 - ModelEngine/WARN]: [ModelEngine] [A] Unknown MythicMobs script: MEGAWARDEN_leftswipe_totem
[19:37:22] [Craft Scheduler Thread - 117 - ModelEngine/WARN]: [ModelEngine] [A] Unknown MythicMobs script: MEGAWARDEN_leftswipe_totem
[19:37:22] [Craft Scheduler Thread - 117 - ModelEngine/WARN]: [ModelEngine] [A] Unknown MythicMobs script: MEGAWARDEN_leftswipe_totem
[19:37:22] [Craft Scheduler Thread - 126 - ModelEngine/WARN]: [ModelEngine] [A] Unknown MythicMobs script: MEGAWARDEN_leftswipe_totem
[19:37:22] [Craft Scheduler Thread - 126 - ModelEngine/WARN]: [ModelEngine] [A] Unknown MythicMobs script: MEGAWARDEN_rightswipe_totem
[19:37:22] [Craft Scheduler Thread - 126 - ModelEngine/WARN]: [ModelEngine] [A] Unknown MythicMobs script: MEGAWARDEN_rightswipe_totem
[19:37:22] [Craft Scheduler Thread - 112 - ModelEngine/WARN]: [ModelEngine] [A] Unknown MythicMobs script: MEGAWARDEN_rightswipe_totem
[19:37:22] [Craft Scheduler Thread - 126 - ModelEngine/WARN]: [ModelEngine] [A] Unknown MythicMobs script: MEGAWARDEN_rightswipe_totem
[19:37:22] [Craft Scheduler Thread - 102 - ModelEngine/WARN]: [ModelEngine] [A] Unknown MythicMobs script: MEGAWARDEN_rightswipe_totem
[19:37:22] [Craft Scheduler Thread - 71 - ModelEngine/WARN]: [ModelEngine] [A] Unknown MythicMobs script: MEGAWARDEN_rightswipe_totem
[19:37:22] [Craft Scheduler Thread - 115 - ModelEngine/WARN]: [ModelEngine] [A] Unknown MythicMobs script: MEGAWARDEN_rightswipe_totem
[19:37:22] [Craft Scheduler Thread - 115 - ModelEngine/WARN]: [ModelEngine] [A] Unknown MythicMobs script: MEGAWARDEN_rightswipe_totem
[19:37:22] [Craft Scheduler Thread - 118 - ModelEngine/WARN]: [ModelEngine] [A] Unknown MythicMobs script: MEGAWARDEN_rightswipe_totem
[19:37:22] [Craft Scheduler Thread - 115 - ModelEngine/WARN]: [ModelEngine] [A] Unknown MythicMobs script: MEGAWARDEN_leftswipe_totem
[19:37:23] [Craft Scheduler Thread - 71 - ModelEngine/WARN]: [ModelEngine] [A] Unknown MythicMobs script: MEGAWARDEN_leftswipe_totem
[19:37:23] [Craft Scheduler Thread - 71 - ModelEngine/WARN]: [ModelEngine] [A] Unknown MythicMobs script: MEGAWARDEN_leftswipe_totem
[19:37:23] [Craft Scheduler Thread - 102 - ModelEngine/WARN]: [ModelEngine] [A] Unknown MythicMobs script: MEGAWARDEN_leftswipe_totem
[19:37:23] [Craft Scheduler Thread - 118 - ModelEngine/WARN]: [ModelEngine] [A] Unknown MythicMobs script: MEGAWARDEN_leftswipe_totem
[19:37:23] [Craft Scheduler Thread - 102 - ModelEngine/WARN]: [ModelEngine] [A] Unknown MythicMobs script: MEGAWARDEN_leftswipe_totem
[19:37:23] [Craft Scheduler Thread - 116 - ModelEngine/WARN]: [ModelEngine] [A] Unknown MythicMobs script: MEGAWARDEN_leftswipe_totem
[19:37:23] [Craft Scheduler Thread - 113 - ModelEngine/WARN]: [ModelEngine] [A] Unknown MythicMobs script: MEGAWARDEN_leftswipe_totem
[19:37:23] [Craft Scheduler Thread - 123 - ModelEngine/WARN]: [ModelEngine] [A] Unknown MythicMobs script: MEGAWARDEN_rightswipe_totem
[19:37:23] [Craft Scheduler Thread - 123 - ModelEngine/WARN]: [ModelEngine] [A] Unknown MythicMobs script: MEGAWARDEN_rightswipe_totem
[19:37:23] [Craft Scheduler Thread - 121 - ModelEngine/WARN]: [ModelEngine] [A] Unknown MythicMobs script: MEGAWARDEN_rightswipe_totem
[19:37:23] [Server thread/INFO]: infernaldeath6 has reached the goal [Postmortal]
[19:37:23] [Craft Scheduler Thread - 120 - ModelEngine/WARN]: [ModelEngine] [A] Unknown MythicMobs script: MEGAWARDEN_rightswipe_totem
[19:37:23] [Craft Scheduler Thread - 126 - ModelEngine/WARN]: [ModelEngine] [A] Unknown MythicMobs script: MEGAWARDEN_rightswipe_totem
[19:37:23] [Craft Scheduler Thread - 84 - ModelEngine/WARN]: [ModelEngine] [A] Unknown MythicMobs script: MEGAWARDEN_rightswipe_totem
[19:37:23] [Craft Scheduler Thread - 116 - ModelEngine/WARN]: [ModelEngine] [A] Unknown MythicMobs script: MEGAWARDEN_rightswipe_totem
[19:37:23] [Craft Scheduler Thread - 116 - ModelEngine/WARN]: [ModelEngine] [A] Unknown MythicMobs script: MEGAWARDEN_rightswipe_totem
[19:37:23] [Craft Scheduler Thread - 121 - ModelEngine/WARN]: [ModelEngine] [A] Unknown MythicMobs script: MEGAWARDEN_rightswipe_totem
[19:37:24] [Craft Scheduler Thread - 105 - ModelEngine/WARN]: [ModelEngine] [A] Unknown MythicMobs script: MEGAWARDEN_leftswipe_totem
[19:37:24] [Craft Scheduler Thread - 121 - ModelEngine/WARN]: [ModelEngine] [A] Unknown MythicMobs script: MEGAWARDEN_leftswipe_totem
[19:37:24] [Craft Scheduler Thread - 121 - ModelEngine/WARN]: [ModelEngine] [A] Unknown MythicMobs script: MEGAWARDEN_leftswipe_totem
[19:37:24] [Craft Scheduler Thread - 105 - ModelEngine/WARN]: [ModelEngine] [A] Unknown MythicMobs script: MEGAWARDEN_leftswipe_totem
[19:37:24] [Craft Scheduler Thread - 110 - ModelEngine/WARN]: [ModelEngine] [A] Unknown MythicMobs script: MEGAWARDEN_leftswipe_totem
[19:37:24] [Craft Scheduler Thread - 117 - ModelEngine/WARN]: [ModelEngine] [A] Unknown MythicMobs script: MEGAWARDEN_leftswipe_totem
[19:37:24] [Craft Scheduler Thread - 116 - ModelEngine/WARN]: [ModelEngine] [A] Unknown MythicMobs script: MEGAWARDEN_leftswipe_totem
[19:37:24] [Craft Scheduler Thread - 113 - ModelEngine/WARN]: [ModelEngine] [A] Unknown MythicMobs script: MEGAWARDEN_leftswipe_totem
[19:37:24] [Craft Scheduler Thread - 99 - ModelEngine/WARN]: [ModelEngine] [A] Unknown MythicMobs script: MEGAWARDEN_rightswipe_totem
[19:37:24] [Craft Scheduler Thread - 99 - ModelEngine/WARN]: [ModelEngine] [A] Unknown MythicMobs script: MEGAWARDEN_rightswipe_totem
[19:37:25] [Craft Scheduler Thread - 110 - ModelEngine/WARN]: [ModelEngine] [A] Unknown MythicMobs script: MEGAWARDEN_rightswipe_totem
[19:37:25] [Craft Scheduler Thread - 39 - ModelEngine/WARN]: [ModelEngine] [A] Unknown MythicMobs script: MEGAWARDEN_rightswipe_totem
[19:37:25] [Craft Scheduler Thread - 126 - ModelEngine/WARN]: [ModelEngine] [A] Unknown MythicMobs script: MEGAWARDEN_rightswipe_totem
[19:37:25] [Craft Scheduler Thread - 105 - ModelEngine/WARN]: [ModelEngine] [A] Unknown MythicMobs script: MEGAWARDEN_rightswipe_totem
[19:37:25] [Craft Scheduler Thread - 80 - ModelEngine/WARN]: [ModelEngine] [A] Unknown MythicMobs script: MEGAWARDEN_rightswipe_totem
[19:37:25] [Craft Scheduler Thread - 80 - ModelEngine/WARN]: [ModelEngine] [A] Unknown MythicMobs script: MEGAWARDEN_rightswipe_totem
[19:37:25] [Craft Scheduler Thread - 39 - ModelEngine/WARN]: [ModelEngine] [A] Unknown MythicMobs script: MEGAWARDEN_rightswipe_totem
[19:37:29] [Craft Scheduler Thread - 126 - ModelEngine/WARN]: [ModelEngine] [A] Unknown MythicMobs script: MEGAWARDEN_leftswipe_totem
[19:37:29] [Craft Scheduler Thread - 113 - ModelEngine/WARN]: [ModelEngine] [A] Unknown MythicMobs script: MEGAWARDEN_leftswipe_totem
[19:37:29] [Craft Scheduler Thread - 113 - ModelEngine/WARN]: [ModelEngine] [A] Unknown MythicMobs script: MEGAWARDEN_leftswipe_totem
[19:37:29] [Craft Scheduler Thread - 80 - ModelEngine/WARN]: [ModelEngine] [A] Unknown MythicMobs script: MEGAWARDEN_leftswipe_totem
[19:37:29] [Craft Scheduler Thread - 110 - ModelEngine/WARN]: [ModelEngine] [A] Unknown MythicMobs script: MEGAWARDEN_leftswipe_totem
[19:37:29] [Craft Scheduler Thread - 80 - ModelEngine/WARN]: [ModelEngine] [A] Unknown MythicMobs script: MEGAWARDEN_leftswipe_totem
[19:37:30] [Craft Scheduler Thread - 84 - ModelEngine/WARN]: [ModelEngine] [A] Unknown MythicMobs script: MEGAWARDEN_rightswipe_totem
[19:37:30] [Craft Scheduler Thread - 84 - ModelEngine/WARN]: [ModelEngine] [A] Unknown MythicMobs script: MEGAWARDEN_rightswipe_totem
[19:37:30] [Craft Scheduler Thread - 102 - ModelEngine/WARN]: [ModelEngine] [A] Unknown MythicMobs script: MEGAWARDEN_rightswipe_totem
[19:37:30] [Craft Scheduler Thread - 112 - ModelEngine/WARN]: [ModelEngine] [A] Unknown MythicMobs script: MEGAWARDEN_rightswipe_totem
[19:37:30] [Craft Scheduler Thread - 120 - ModelEngine/WARN]: [ModelEngine] [A] Unknown MythicMobs script: MEGAWARDEN_rightswipe_totem
[19:37:30] [Craft Scheduler Thread - 112 - ModelEngine/WARN]: [ModelEngine] [A] Unknown MythicMobs script: MEGAWARDEN_rightswipe_totem
[19:37:30] [Craft Scheduler Thread - 115 - ModelEngine/WARN]: [ModelEngine] [A] Unknown MythicMobs script: MEGAWARDEN_rightswipe_totem
[19:37:30] [Craft Scheduler Thread - 115 - ModelEngine/WARN]: [ModelEngine] [A] Unknown MythicMobs script: MEGAWARDEN_rightswipe_totem
[19:37:30] [Craft Scheduler Thread - 126 - ModelEngine/WARN]: [ModelEngine] [A] Unknown MythicMobs script: MEGAWARDEN_rightswipe_totem
[19:37:30] [Craft Scheduler Thread - 113 - ModelEngine/WARN]: [ModelEngine] [A] Unknown MythicMobs script: MEGAWARDEN_leftswipe_totem
[19:37:30] [Craft Scheduler Thread - 121 - ModelEngine/WARN]: [ModelEngine] [A] Unknown MythicMobs script: MEGAWARDEN_leftswipe_totem
[19:37:30] [Craft Scheduler Thread - 121 - ModelEngine/WARN]: [ModelEngine] [A] Unknown MythicMobs script: MEGAWARDEN_leftswipe_totem
[19:37:30] [Craft Scheduler Thread - 121 - ModelEngine/WARN]: [ModelEngine] [A] Unknown MythicMobs script: MEGAWARDEN_leftswipe_totem
[19:37:30] [Craft Scheduler Thread - 80 - ModelEngine/WARN]: [ModelEngine] [A] Unknown MythicMobs script: MEGAWARDEN_leftswipe_totem
[19:37:30] [Craft Scheduler Thread - 117 - ModelEngine/WARN]: [ModelEngine] [A] Unknown MythicMobs script: MEGAWARDEN_leftswipe_totem
[19:37:30] [Craft Scheduler Thread - 84 - ModelEngine/WARN]: [ModelEngine] [A] Unknown MythicMobs script: MEGAWARDEN_leftswipe_totem
[19:37:30] [Craft Scheduler Thread - 121 - ModelEngine/WARN]: [ModelEngine] [A] Unknown MythicMobs script: MEGAWARDEN_leftswipe_totem
[19:37:32] [Server thread/INFO]: infernaldeath6 has made the advancement [Take Aim]
[19:38:05] [Async Chat Thread - #4/INFO]: [Not Secure] [0] 〘infernaldeath6〙 ➤ JASJD
[19:38:08] [Async Chat Thread - #4/INFO]: [Not Secure] [24] 〘Mdinqt〙 ➤ re cagon
[19:38:26] [Async Chat Thread - #4/INFO]: [Not Secure] [0] 〘infernaldeath6〙 ➤ por que mueve mi pantalla
[19:38:31] [Async Chat Thread - #4/INFO]: [Not Secure] [24] 〘Mdinqt〙 ➤ es el efecto
[19:38:32] [Async Chat Thread - #4/INFO]: [Not Secure] [24] 〘Mdinqt〙 ➤ es normal
[19:38:51] [Craft Scheduler Thread - 84 - ModelEngine/WARN]: [ModelEngine] [A] Unknown MythicMobs script: MEGAWARDEN_leftswipe_totem
[19:38:51] [Craft Scheduler Thread - 80 - ModelEngine/WARN]: [ModelEngine] [A] Unknown MythicMobs script: MEGAWARDEN_leftswipe_totem
[19:38:51] [Craft Scheduler Thread - 80 - ModelEngine/WARN]: [ModelEngine] [A] Unknown MythicMobs script: MEGAWARDEN_leftswipe_totem
[19:38:51] [Craft Scheduler Thread - 39 - ModelEngine/WARN]: [ModelEngine] [A] Unknown MythicMobs script: MEGAWARDEN_leftswipe_totem
[19:38:51] [Craft Scheduler Thread - 116 - ModelEngine/WARN]: [ModelEngine] [A] Unknown MythicMobs script: MEGAWARDEN_leftswipe_totem
[19:38:51] [Craft Scheduler Thread - 39 - ModelEngine/WARN]: [ModelEngine] [A] Unknown MythicMobs script: MEGAWARDEN_leftswipe_totem
[19:38:51] [Craft Scheduler Thread - 127 - ModelEngine/WARN]: [ModelEngine] [A] Unknown MythicMobs script: MEGAWARDEN_leftswipe_totem
[19:38:51] [Craft Scheduler Thread - 105 - ModelEngine/WARN]: [ModelEngine] [A] Unknown MythicMobs script: MEGAWARDEN_rightswipe_totem
[19:38:51] [Craft Scheduler Thread - 105 - ModelEngine/WARN]: [ModelEngine] [A] Unknown MythicMobs script: MEGAWARDEN_rightswipe_totem
[19:38:51] [Craft Scheduler Thread - 110 - ModelEngine/WARN]: [ModelEngine] [A] Unknown MythicMobs script: MEGAWARDEN_rightswipe_totem
[19:38:51] [Craft Scheduler Thread - 80 - ModelEngine/WARN]: [ModelEngine] [A] Unknown MythicMobs script: MEGAWARDEN_rightswipe_totem
[19:38:51] [Craft Scheduler Thread - 120 - ModelEngine/WARN]: [ModelEngine] [A] Unknown MythicMobs script: MEGAWARDEN_rightswipe_totem
[19:38:51] [Craft Scheduler Thread - 121 - ModelEngine/WARN]: [ModelEngine] [A] Unknown MythicMobs script: MEGAWARDEN_rightswipe_totem
[19:38:51] [Craft Scheduler Thread - 121 - ModelEngine/WARN]: [ModelEngine] [A] Unknown MythicMobs script: MEGAWARDEN_rightswipe_totem
[19:38:51] [Craft Scheduler Thread - 121 - ModelEngine/WARN]: [ModelEngine] [A] Unknown MythicMobs script: MEGAWARDEN_rightswipe_totem
[19:38:51] [Craft Scheduler Thread - 110 - ModelEngine/WARN]: [ModelEngine] [A] Unknown MythicMobs script: MEGAWARDEN_rightswipe_totem
[19:38:52] [Craft Scheduler Thread - 128 - ModelEngine/WARN]: [ModelEngine] [A] Unknown MythicMobs script: MEGAWARDEN_leftswipe_totem
[19:38:52] [Craft Scheduler Thread - 80 - ModelEngine/WARN]: [ModelEngine] [A] Unknown MythicMobs script: MEGAWARDEN_leftswipe_totem
[19:38:52] [Craft Scheduler Thread - 80 - ModelEngine/WARN]: [ModelEngine] [A] Unknown MythicMobs script: MEGAWARDEN_leftswipe_totem
[19:38:52] [Craft Scheduler Thread - 121 - ModelEngine/WARN]: [ModelEngine] [A] Unknown MythicMobs script: MEGAWARDEN_leftswipe_totem
[19:38:52] [Craft Scheduler Thread - 71 - ModelEngine/WARN]: [ModelEngine] [A] Unknown MythicMobs script: MEGAWARDEN_leftswipe_totem
[19:38:52] [Craft Scheduler Thread - 117 - ModelEngine/WARN]: [ModelEngine] [A] Unknown MythicMobs script: MEGAWARDEN_leftswipe_totem
[19:38:52] [Craft Scheduler Thread - 128 - ModelEngine/WARN]: [ModelEngine] [A] Unknown MythicMobs script: MEGAWARDEN_leftswipe_totem
[19:38:52] [Craft Scheduler Thread - 71 - ModelEngine/WARN]: [ModelEngine] [A] Unknown MythicMobs script: MEGAWARDEN_leftswipe_totem
[19:38:52] [Craft Scheduler Thread - 123 - ModelEngine/WARN]: [ModelEngine] [A] Unknown MythicMobs script: MEGAWARDEN_rightswipe_totem
[19:38:52] [Craft Scheduler Thread - 123 - ModelEngine/WARN]: [ModelEngine] [A] Unknown MythicMobs script: MEGAWARDEN_rightswipe_totem
[19:38:52] [Craft Scheduler Thread - 113 - ModelEngine/WARN]: [ModelEngine] [A] Unknown MythicMobs script: MEGAWARDEN_rightswipe_totem
[19:38:53] [Craft Scheduler Thread - 120 - ModelEngine/WARN]: [ModelEngine] [A] Unknown MythicMobs script: MEGAWARDEN_rightswipe_totem
[19:38:53] [Craft Scheduler Thread - 128 - ModelEngine/WARN]: [ModelEngine] [A] Unknown MythicMobs script: MEGAWARDEN_rightswipe_totem
[19:38:53] [Craft Scheduler Thread - 84 - ModelEngine/WARN]: [ModelEngine] [A] Unknown MythicMobs script: MEGAWARDEN_rightswipe_totem
[19:38:53] [Craft Scheduler Thread - 105 - ModelEngine/WARN]: [ModelEngine] [A] Unknown MythicMobs script: MEGAWARDEN_rightswipe_totem
[19:38:53] [Craft Scheduler Thread - 105 - ModelEngine/WARN]: [ModelEngine] [A] Unknown MythicMobs script: MEGAWARDEN_rightswipe_totem
[19:38:53] [Craft Scheduler Thread - 123 - ModelEngine/WARN]: [ModelEngine] [A] Unknown MythicMobs script: MEGAWARDEN_rightswipe_totem
[19:38:53] [Craft Scheduler Thread - 105 - ModelEngine/WARN]: [ModelEngine] [A] Unknown MythicMobs script: MEGAWARDEN_leftswipe_totem
[19:38:53] [Craft Scheduler Thread - 39 - ModelEngine/WARN]: [ModelEngine] [A] Unknown MythicMobs script: MEGAWARDEN_leftswipe_totem
[19:38:53] [Craft Scheduler Thread - 39 - ModelEngine/WARN]: [ModelEngine] [A] Unknown MythicMobs script: MEGAWARDEN_leftswipe_totem
[19:38:53] [Craft Scheduler Thread - 121 - ModelEngine/WARN]: [ModelEngine] [A] Unknown MythicMobs script: MEGAWARDEN_leftswipe_totem
[19:38:53] [Craft Scheduler Thread - 116 - ModelEngine/WARN]: [ModelEngine] [A] Unknown MythicMobs script: MEGAWARDEN_leftswipe_totem
[19:38:53] [Craft Scheduler Thread - 121 - ModelEngine/WARN]: [ModelEngine] [A] Unknown MythicMobs script: MEGAWARDEN_leftswipe_totem
[19:38:53] [Craft Scheduler Thread - 118 - ModelEngine/WARN]: [ModelEngine] [A] Unknown MythicMobs script: MEGAWARDEN_leftswipe_totem
[19:38:53] [Craft Scheduler Thread - 126 - ModelEngine/WARN]: [ModelEngine] [A] Unknown MythicMobs script: MEGAWARDEN_leftswipe_totem
[19:38:54] [Craft Scheduler Thread - 113 - ModelEngine/WARN]: [ModelEngine] [A] Unknown MythicMobs script: MEGAWARDEN_rightswipe_totem
[19:38:54] [Craft Scheduler Thread - 113 - ModelEngine/WARN]: [ModelEngine] [A] Unknown MythicMobs script: MEGAWARDEN_rightswipe_totem
[19:38:54] [Craft Scheduler Thread - 120 - ModelEngine/WARN]: [ModelEngine] [A] Unknown MythicMobs script: MEGAWARDEN_rightswipe_totem
[19:38:54] [Craft Scheduler Thread - 115 - ModelEngine/WARN]: [ModelEngine] [A] Unknown MythicMobs script: MEGAWARDEN_rightswipe_totem
[19:38:54] [Craft Scheduler Thread - 113 - ModelEngine/WARN]: [ModelEngine] [A] Unknown MythicMobs script: MEGAWARDEN_rightswipe_totem
[19:38:54] [Craft Scheduler Thread - 110 - ModelEngine/WARN]: [ModelEngine] [A] Unknown MythicMobs script: MEGAWARDEN_rightswipe_totem
[19:38:54] [Craft Scheduler Thread - 126 - ModelEngine/WARN]: [ModelEngine] [A] Unknown MythicMobs script: MEGAWARDEN_rightswipe_totem
[19:38:54] [Craft Scheduler Thread - 126 - ModelEngine/WARN]: [ModelEngine] [A] Unknown MythicMobs script: MEGAWARDEN_rightswipe_totem
[19:38:54] [Craft Scheduler Thread - 99 - ModelEngine/WARN]: [ModelEngine] [A] Unknown MythicMobs script: MEGAWARDEN_rightswipe_totem
[19:38:57] [Craft Scheduler Thread - 127 - ModelEngine/WARN]: [ModelEngine] [A] Unknown MythicMobs script: MEGAWARDEN_leftswipe_totem
[19:38:57] [Craft Scheduler Thread - 71 - ModelEngine/WARN]: [ModelEngine] [A] Unknown MythicMobs script: MEGAWARDEN_leftswipe_totem
[19:38:57] [Craft Scheduler Thread - 71 - ModelEngine/WARN]: [ModelEngine] [A] Unknown MythicMobs script: MEGAWARDEN_leftswipe_totem
[19:38:57] [Craft Scheduler Thread - 123 - ModelEngine/WARN]: [ModelEngine] [A] Unknown MythicMobs script: MEGAWARDEN_leftswipe_totem
[19:38:57] [Craft Scheduler Thread - 84 - ModelEngine/WARN]: [ModelEngine] [A] Unknown MythicMobs script: MEGAWARDEN_leftswipe_totem
[19:38:57] [Craft Scheduler Thread - 71 - ModelEngine/WARN]: [ModelEngine] [A] Unknown MythicMobs script: MEGAWARDEN_leftswipe_totem
[19:38:57] [Craft Scheduler Thread - 80 - ModelEngine/WARN]: [ModelEngine] [A] Unknown MythicMobs script: MEGAWARDEN_leftswipe_totem
[19:38:57] [Craft Scheduler Thread - 105 - ModelEngine/WARN]: [ModelEngine] [A] Unknown MythicMobs script: MEGAWARDEN_rightswipe_totem
[19:38:57] [Craft Scheduler Thread - 105 - ModelEngine/WARN]: [ModelEngine] [A] Unknown MythicMobs script: MEGAWARDEN_rightswipe_totem
[19:38:57] [Craft Scheduler Thread - 80 - ModelEngine/WARN]: [ModelEngine] [A] Unknown MythicMobs script: MEGAWARDEN_rightswipe_totem
[19:38:57] [Craft Scheduler Thread - 105 - ModelEngine/WARN]: [ModelEngine] [A] Unknown MythicMobs script: MEGAWARDEN_rightswipe_totem
[19:38:57] [Craft Scheduler Thread - 99 - ModelEngine/WARN]: [ModelEngine] [A] Unknown MythicMobs script: MEGAWARDEN_rightswipe_totem
[19:38:57] [Craft Scheduler Thread - 80 - ModelEngine/WARN]: [ModelEngine] [A] Unknown MythicMobs script: MEGAWARDEN_rightswipe_totem
[19:38:57] [Craft Scheduler Thread - 99 - ModelEngine/WARN]: [ModelEngine] [A] Unknown MythicMobs script: MEGAWARDEN_rightswipe_totem
[19:38:57] [Craft Scheduler Thread - 99 - ModelEngine/WARN]: [ModelEngine] [A] Unknown MythicMobs script: MEGAWARDEN_rightswipe_totem
[19:38:57] [Craft Scheduler Thread - 115 - ModelEngine/WARN]: [ModelEngine] [A] Unknown MythicMobs script: MEGAWARDEN_rightswipe_totem
[19:38:58] [Craft Scheduler Thread - 99 - ModelEngine/WARN]: [ModelEngine] [A] Unknown MythicMobs script: MEGAWARDEN_leftswipe_totem
[19:38:58] [Craft Scheduler Thread - 123 - ModelEngine/WARN]: [ModelEngine] [A] Unknown MythicMobs script: MEGAWARDEN_leftswipe_totem
[19:38:58] [Craft Scheduler Thread - 123 - ModelEngine/WARN]: [ModelEngine] [A] Unknown MythicMobs script: MEGAWARDEN_leftswipe_totem
[19:38:58] [Craft Scheduler Thread - 39 - ModelEngine/WARN]: [ModelEngine] [A] Unknown MythicMobs script: MEGAWARDEN_leftswipe_totem
[19:38:58] [Craft Scheduler Thread - 121 - ModelEngine/WARN]: [ModelEngine] [A] Unknown MythicMobs script: MEGAWARDEN_leftswipe_totem
[19:38:58] [Craft Scheduler Thread - 80 - ModelEngine/WARN]: [ModelEngine] [A] Unknown MythicMobs script: MEGAWARDEN_leftswipe_totem
[19:38:58] [Craft Scheduler Thread - 118 - ModelEngine/WARN]: [ModelEngine] [A] Unknown MythicMobs script: MEGAWARDEN_leftswipe_totem
[19:38:58] [Craft Scheduler Thread - 105 - ModelEngine/WARN]: [ModelEngine] [A] Unknown MythicMobs script: MEGAWARDEN_leftswipe_totem
[19:38:58] [Craft Scheduler Thread - 121 - ModelEngine/WARN]: [ModelEngine] [A] Unknown MythicMobs script: MEGAWARDEN_rightswipe_totem
[19:38:58] [Craft Scheduler Thread - 121 - ModelEngine/WARN]: [ModelEngine] [A] Unknown MythicMobs script: MEGAWARDEN_rightswipe_totem
[19:38:58] [Craft Scheduler Thread - 84 - ModelEngine/WARN]: [ModelEngine] [A] Unknown MythicMobs script: MEGAWARDEN_rightswipe_totem
[19:38:59] [Craft Scheduler Thread - 84 - ModelEngine/WARN]: [ModelEngine] [A] Unknown MythicMobs script: MEGAWARDEN_rightswipe_totem
[19:38:59] [Craft Scheduler Thread - 98 - ModelEngine/WARN]: [ModelEngine] [A] Unknown MythicMobs script: MEGAWARDEN_rightswipe_totem
[19:38:59] [Craft Scheduler Thread - 120 - ModelEngine/WARN]: [ModelEngine] [A] Unknown MythicMobs script: MEGAWARDEN_rightswipe_totem
[19:38:59] [Craft Scheduler Thread - 39 - ModelEngine/WARN]: [ModelEngine] [A] Unknown MythicMobs script: MEGAWARDEN_rightswipe_totem
[19:38:59] [Craft Scheduler Thread - 39 - ModelEngine/WARN]: [ModelEngine] [A] Unknown MythicMobs script: MEGAWARDEN_rightswipe_totem
[19:38:59] [Craft Scheduler Thread - 121 - ModelEngine/WARN]: [ModelEngine] [A] Unknown MythicMobs script: MEGAWARDEN_rightswipe_totem
[19:38:59] [Craft Scheduler Thread - 115 - ModelEngine/WARN]: [ModelEngine] [A] Unknown MythicMobs script: MEGAWARDEN_leftswipe_totem
[19:38:59] [Craft Scheduler Thread - 105 - ModelEngine/WARN]: [ModelEngine] [A] Unknown MythicMobs script: MEGAWARDEN_leftswipe_totem
[19:38:59] [Craft Scheduler Thread - 105 - ModelEngine/WARN]: [ModelEngine] [A] Unknown MythicMobs script: MEGAWARDEN_leftswipe_totem
[19:38:59] [Craft Scheduler Thread - 80 - ModelEngine/WARN]: [ModelEngine] [A] Unknown MythicMobs script: MEGAWARDEN_leftswipe_totem
[19:38:59] [Craft Scheduler Thread - 39 - ModelEngine/WARN]: [ModelEngine] [A] Unknown MythicMobs script: MEGAWARDEN_leftswipe_totem
[19:38:59] [Craft Scheduler Thread - 116 - ModelEngine/WARN]: [ModelEngine] [A] Unknown MythicMobs script: MEGAWARDEN_leftswipe_totem
[19:38:59] [Craft Scheduler Thread - 71 - ModelEngine/WARN]: [ModelEngine] [A] Unknown MythicMobs script: MEGAWARDEN_leftswipe_totem
[19:38:59] [Craft Scheduler Thread - 39 - ModelEngine/WARN]: [ModelEngine] [A] Unknown MythicMobs script: MEGAWARDEN_leftswipe_totem
[19:39:00] [Craft Scheduler Thread - 113 - ModelEngine/WARN]: [ModelEngine] [A] Unknown MythicMobs script: MEGAWARDEN_rightswipe_totem
[19:39:00] [Craft Scheduler Thread - 113 - ModelEngine/WARN]: [ModelEngine] [A] Unknown MythicMobs script: MEGAWARDEN_rightswipe_totem
[19:39:00] [Craft Scheduler Thread - 120 - ModelEngine/WARN]: [ModelEngine] [A] Unknown MythicMobs script: MEGAWARDEN_rightswipe_totem
[19:39:00] [Craft Scheduler Thread - 98 - ModelEngine/WARN]: [ModelEngine] [A] Unknown MythicMobs script: MEGAWARDEN_rightswipe_totem
[19:39:00] [Craft Scheduler Thread - 113 - ModelEngine/WARN]: [ModelEngine] [A] Unknown MythicMobs script: MEGAWARDEN_rightswipe_totem
[19:39:00] [Craft Scheduler Thread - 80 - ModelEngine/WARN]: [ModelEngine] [A] Unknown MythicMobs script: MEGAWARDEN_rightswipe_totem
[19:39:00] [Craft Scheduler Thread - 80 - ModelEngine/WARN]: [ModelEngine] [A] Unknown MythicMobs script: MEGAWARDEN_rightswipe_totem
[19:39:00] [Craft Scheduler Thread - 80 - ModelEngine/WARN]: [ModelEngine] [A] Unknown MythicMobs script: MEGAWARDEN_rightswipe_totem
[19:39:00] [Craft Scheduler Thread - 118 - ModelEngine/WARN]: [ModelEngine] [A] Unknown MythicMobs script: MEGAWARDEN_rightswipe_totem
[19:39:00] [Craft Scheduler Thread - 71 - ModelEngine/WARN]: [ModelEngine] [A] Unknown MythicMobs script: MEGAWARDEN_leftswipe_totem
[19:39:00] [Craft Scheduler Thread - 99 - ModelEngine/WARN]: [ModelEngine] [A] Unknown MythicMobs script: MEGAWARDEN_leftswipe_totem
[19:39:00] [Craft Scheduler Thread - 99 - ModelEngine/WARN]: [ModelEngine] [A] Unknown MythicMobs script: MEGAWARDEN_leftswipe_totem
[19:39:00] [Craft Scheduler Thread - 116 - ModelEngine/WARN]: [ModelEngine] [A] Unknown MythicMobs script: MEGAWARDEN_leftswipe_totem
[19:39:00] [Craft Scheduler Thread - 99 - ModelEngine/WARN]: [ModelEngine] [A] Unknown MythicMobs script: MEGAWARDEN_leftswipe_totem
[19:39:01] [Craft Scheduler Thread - 98 - ModelEngine/WARN]: [ModelEngine] [A] Unknown MythicMobs script: MEGAWARDEN_leftswipe_totem
[19:39:01] [Craft Scheduler Thread - 115 - ModelEngine/WARN]: [ModelEngine] [A] Unknown MythicMobs script: MEGAWARDEN_leftswipe_totem
[19:39:01] [Craft Scheduler Thread - 39 - ModelEngine/WARN]: [ModelEngine] [A] Unknown MythicMobs script: MEGAWARDEN_leftswipe_totem
[19:39:05] [Craft Scheduler Thread - 113 - ModelEngine/WARN]: [ModelEngine] [A] Unknown MythicMobs script: MEGAWARDEN_leftswipe_totem
[19:39:05] [Craft Scheduler Thread - 113 - ModelEngine/WARN]: [ModelEngine] [A] Unknown MythicMobs script: MEGAWARDEN_leftswipe_totem
[19:39:05] [Craft Scheduler Thread - 113 - ModelEngine/WARN]: [ModelEngine] [A] Unknown MythicMobs script: MEGAWARDEN_leftswipe_totem
[19:39:05] [Craft Scheduler Thread - 71 - ModelEngine/WARN]: [ModelEngine] [A] Unknown MythicMobs script: MEGAWARDEN_leftswipe_totem
[19:39:05] [Craft Scheduler Thread - 105 - ModelEngine/WARN]: [ModelEngine] [A] Unknown MythicMobs script: MEGAWARDEN_leftswipe_totem
[19:39:05] [Craft Scheduler Thread - 105 - ModelEngine/WARN]: [ModelEngine] [A] Unknown MythicMobs script: MEGAWARDEN_leftswipe_totem
[19:39:05] [Craft Scheduler Thread - 99 - ModelEngine/WARN]: [ModelEngine] [A] Unknown MythicMobs script: MEGAWARDEN_leftswipe_totem
[19:39:06] [Craft Scheduler Thread - 99 - ModelEngine/WARN]: [ModelEngine] [A] Unknown MythicMobs script: MEGAWARDEN_rightswipe_totem
[19:39:06] [Craft Scheduler Thread - 99 - ModelEngine/WARN]: [ModelEngine] [A] Unknown MythicMobs script: MEGAWARDEN_rightswipe_totem
[19:39:06] [Craft Scheduler Thread - 99 - ModelEngine/WARN]: [ModelEngine] [A] Unknown MythicMobs script: MEGAWARDEN_rightswipe_totem
[19:39:06] [Craft Scheduler Thread - 123 - ModelEngine/WARN]: [ModelEngine] [A] Unknown MythicMobs script: MEGAWARDEN_rightswipe_totem
[19:39:06] [Craft Scheduler Thread - 105 - ModelEngine/WARN]: [ModelEngine] [A] Unknown MythicMobs script: MEGAWARDEN_rightswipe_totem
[19:39:06] [Craft Scheduler Thread - 98 - ModelEngine/WARN]: [ModelEngine] [A] Unknown MythicMobs script: MEGAWARDEN_rightswipe_totem
[19:39:06] [Craft Scheduler Thread - 118 - ModelEngine/WARN]: [ModelEngine] [A] Unknown MythicMobs script: MEGAWARDEN_rightswipe_totem
[19:39:06] [Craft Scheduler Thread - 118 - ModelEngine/WARN]: [ModelEngine] [A] Unknown MythicMobs script: MEGAWARDEN_rightswipe_totem
[19:39:06] [Craft Scheduler Thread - 99 - ModelEngine/WARN]: [ModelEngine] [A] Unknown MythicMobs script: MEGAWARDEN_rightswipe_totem
[19:39:06] [Craft Scheduler Thread - 113 - ModelEngine/WARN]: [ModelEngine] [A] Unknown MythicMobs script: MEGAWARDEN_leftswipe_totem
[19:39:06] [Craft Scheduler Thread - 84 - ModelEngine/WARN]: [ModelEngine] [A] Unknown MythicMobs script: MEGAWARDEN_leftswipe_totem
[19:39:06] [Craft Scheduler Thread - 84 - ModelEngine/WARN]: [ModelEngine] [A] Unknown MythicMobs script: MEGAWARDEN_leftswipe_totem
[19:39:06] [Craft Scheduler Thread - 121 - ModelEngine/WARN]: [ModelEngine] [A] Unknown MythicMobs script: MEGAWARDEN_leftswipe_totem
[19:39:06] [Craft Scheduler Thread - 120 - ModelEngine/WARN]: [ModelEngine] [A] Unknown MythicMobs script: MEGAWARDEN_leftswipe_totem
[19:39:06] [Craft Scheduler Thread - 127 - ModelEngine/WARN]: [ModelEngine] [A] Unknown MythicMobs script: MEGAWARDEN_leftswipe_totem
[19:39:06] [Craft Scheduler Thread - 117 - ModelEngine/WARN]: [ModelEngine] [A] Unknown MythicMobs script: MEGAWARDEN_leftswipe_totem
[19:39:06] [Craft Scheduler Thread - 123 - ModelEngine/WARN]: [ModelEngine] [A] Unknown MythicMobs script: MEGAWARDEN_leftswipe_totem
[19:39:07] [Craft Scheduler Thread - 116 - ModelEngine/WARN]: [ModelEngine] [A] Unknown MythicMobs script: MEGAWARDEN_rightswipe_totem
[19:39:07] [Craft Scheduler Thread - 116 - ModelEngine/WARN]: [ModelEngine] [A] Unknown MythicMobs script: MEGAWARDEN_rightswipe_totem
[19:39:07] [Craft Scheduler Thread - 113 - ModelEngine/WARN]: [ModelEngine] [A] Unknown MythicMobs script: MEGAWARDEN_rightswipe_totem
[19:39:07] [Craft Scheduler Thread - 80 - ModelEngine/WARN]: [ModelEngine] [A] Unknown MythicMobs script: MEGAWARDEN_rightswipe_totem
[19:39:07] [Craft Scheduler Thread - 99 - ModelEngine/WARN]: [ModelEngine] [A] Unknown MythicMobs script: MEGAWARDEN_rightswipe_totem
[19:39:07] [Craft Scheduler Thread - 80 - ModelEngine/WARN]: [ModelEngine] [A] Unknown MythicMobs script: MEGAWARDEN_rightswipe_totem
[19:39:07] [Craft Scheduler Thread - 127 - ModelEngine/WARN]: [ModelEngine] [A] Unknown MythicMobs script: MEGAWARDEN_rightswipe_totem
[19:39:07] [Craft Scheduler Thread - 127 - ModelEngine/WARN]: [ModelEngine] [A] Unknown MythicMobs script: MEGAWARDEN_rightswipe_totem
[19:39:07] [Craft Scheduler Thread - 105 - ModelEngine/WARN]: [ModelEngine] [A] Unknown MythicMobs script: MEGAWARDEN_rightswipe_totem
[19:39:07] [Craft Scheduler Thread - 127 - ModelEngine/WARN]: [ModelEngine] [A] Unknown MythicMobs script: MEGAWARDEN_leftswipe_totem
[19:39:07] [Craft Scheduler Thread - 115 - ModelEngine/WARN]: [ModelEngine] [A] Unknown MythicMobs script: MEGAWARDEN_leftswipe_totem
[19:39:07] [Craft Scheduler Thread - 115 - ModelEngine/WARN]: [ModelEngine] [A] Unknown MythicMobs script: MEGAWARDEN_leftswipe_totem
[19:39:08] [Craft Scheduler Thread - 80 - ModelEngine/WARN]: [ModelEngine] [A] Unknown MythicMobs script: MEGAWARDEN_leftswipe_totem
[19:39:08] [Craft Scheduler Thread - 117 - ModelEngine/WARN]: [ModelEngine] [A] Unknown MythicMobs script: MEGAWARDEN_leftswipe_totem
[19:39:08] [Craft Scheduler Thread - 84 - ModelEngine/WARN]: [ModelEngine] [A] Unknown MythicMobs script: MEGAWARDEN_leftswipe_totem
[19:39:08] [Craft Scheduler Thread - 115 - ModelEngine/WARN]: [ModelEngine] [A] Unknown MythicMobs script: MEGAWARDEN_leftswipe_totem
[19:39:08] [Craft Scheduler Thread - 128 - ModelEngine/WARN]: [ModelEngine] [A] Unknown MythicMobs script: MEGAWARDEN_leftswipe_totem
[19:39:08] [Craft Scheduler Thread - 98 - ModelEngine/WARN]: [ModelEngine] [A] Unknown MythicMobs script: MEGAWARDEN_rightswipe_totem
[19:39:08] [Craft Scheduler Thread - 98 - ModelEngine/WARN]: [ModelEngine] [A] Unknown MythicMobs script: MEGAWARDEN_rightswipe_totem
[19:39:08] [Craft Scheduler Thread - 99 - ModelEngine/WARN]: [ModelEngine] [A] Unknown MythicMobs script: MEGAWARDEN_rightswipe_totem
[19:39:08] [Craft Scheduler Thread - 105 - ModelEngine/WARN]: [ModelEngine] [A] Unknown MythicMobs script: MEGAWARDEN_rightswipe_totem
[19:39:08] [Craft Scheduler Thread - 99 - ModelEngine/WARN]: [ModelEngine] [A] Unknown MythicMobs script: MEGAWARDEN_rightswipe_totem
[19:39:08] [Craft Scheduler Thread - 121 - ModelEngine/WARN]: [ModelEngine] [A] Unknown MythicMobs script: MEGAWARDEN_rightswipe_totem
[19:39:08] [Craft Scheduler Thread - 98 - ModelEngine/WARN]: [ModelEngine] [A] Unknown MythicMobs script: MEGAWARDEN_rightswipe_totem
[19:39:08] [Craft Scheduler Thread - 98 - ModelEngine/WARN]: [ModelEngine] [A] Unknown MythicMobs script: MEGAWARDEN_rightswipe_totem
[19:39:08] [Craft Scheduler Thread - 127 - ModelEngine/WARN]: [ModelEngine] [A] Unknown MythicMobs script: MEGAWARDEN_rightswipe_totem
[19:39:21] [Server thread/INFO]: infernaldeath6 was slain by THE TRUE WARDEN
[19:39:22] [Async Chat Thread - #4/INFO]: [Not Secure] [24] 〘Mdinqt〙 ➤ XD
[19:39:22] [Server thread/INFO]: [PvPManager] Resumed new player protection for infernaldeath6 because they left an excluded world.
[19:39:26] [Async Chat Thread - #4/INFO]: [Not Secure] [0] 〘infernaldeath6〙 ➤ ...
[19:39:26] [Server thread/INFO]: Mdinqt issued server command: /mm mobs killall
[19:39:31] [Server thread/INFO]: Mdinqt issued server command: /tp infernaldeath6 Mdinqt
[19:39:31] [Server thread/INFO]: [PvPManager] Resumed new player protection for infernaldeath6 because they left an excluded world.
[19:39:34] [Server thread/INFO]: Mdinqt issued server command: /gm 1
[19:39:34] [Server thread/INFO]: Mdinqt issued mycmd (gamemode_alias) command /gm 1
[19:39:34] [Server thread/INFO]: Mdinqt issued server command: /gamemode 1
[19:39:37] [Async Chat Thread - #4/INFO]: [Not Secure] [24] 〘Mdinqt〙 ➤ ya
[19:39:38] [Async Chat Thread - #4/INFO]: [Not Secure] [24] 〘Mdinqt〙 ➤ otro try
[19:39:39] [Async Chat Thread - #4/INFO]: [Not Secure] [0] 〘infernaldeath6〙 ➤ ya se como ganarle
[19:39:41] [Async Chat Thread - #4/INFO]: [Not Secure] [24] 〘Mdinqt〙 ➤ pero ahora mas opp
[19:39:43] [Async Chat Thread - #4/INFO]: [Not Secure] [24] 〘Mdinqt〙 ➤ ven aca
[19:39:51] [Async Chat Thread - #4/INFO]: [Not Secure] [24] 〘Mdinqt〙 ➤ tira tu armor
[19:40:10] [Async Chat Thread - #4/INFO]: [Not Secure] [24] 〘Mdinqt〙 ➤ si la batalla se complica usas esto
[19:40:46] [Async Chat Thread - #4/INFO]: [Not Secure] [24] 〘Mdinqt〙 ➤ ya?
[19:40:51] [Async Chat Thread - #5/INFO]: [Not Secure] [0] 〘infernaldeath6〙 ➤ si
[19:40:57] [Server thread/INFO]: Mdinqt issued server command: /mm m s mega_warden
[19:41:00] [Server thread/INFO]: Mdinqt issued server command: /gmm 3
[19:41:02] [Server thread/INFO]: Mdinqt issued server command: /gm 3
[19:41:02] [Server thread/INFO]: Mdinqt issued mycmd (gamemode_alias) command /gm 3
[19:41:02] [Server thread/INFO]: Mdinqt issued server command: /gamemode 3
[19:41:21] [Async Chat Thread - #5/INFO]: [Not Secure] [0] 〘infernaldeath6〙 ➤ facil
[19:41:25] [Async Chat Thread - #5/INFO]: [Not Secure] [24] 〘Mdinqt〙 ➤ cano tambien se deio cuenta de eso jsjs
[19:41:45] [Server thread/INFO]: Mdinqt issued server command: /gm 1
[19:41:45] [Server thread/INFO]: Mdinqt issued mycmd (gamemode_alias) command /gm 1
[19:41:45] [Server thread/INFO]: Mdinqt issued server command: /gamemode 1
[19:41:49] [Craft Scheduler Thread - 128 - ModelEngine/WARN]: [ModelEngine] [A] Unknown MythicMobs script: MEGAWARDEN_leftswipe_totem
[19:41:49] [Craft Scheduler Thread - 98 - ModelEngine/WARN]: [ModelEngine] [A] Unknown MythicMobs script: MEGAWARDEN_leftswipe_totem
[19:41:49] [Craft Scheduler Thread - 98 - ModelEngine/WARN]: [ModelEngine] [A] Unknown MythicMobs script: MEGAWARDEN_leftswipe_totem
[19:41:49] [Craft Scheduler Thread - 117 - ModelEngine/WARN]: [ModelEngine] [A] Unknown MythicMobs script: MEGAWARDEN_leftswipe_totem
[19:41:49] [Craft Scheduler Thread - 129 - ModelEngine/WARN]: [ModelEngine] [A] Unknown MythicMobs script: MEGAWARDEN_leftswipe_totem
[19:41:49] [Craft Scheduler Thread - 120 - ModelEngine/WARN]: [ModelEngine] [A] Unknown MythicMobs script: MEGAWARDEN_leftswipe_totem
[19:41:49] [Craft Scheduler Thread - 128 - ModelEngine/WARN]: [ModelEngine] [A] Unknown MythicMobs script: MEGAWARDEN_leftswipe_totem
[19:41:49] [Craft Scheduler Thread - 113 - ModelEngine/WARN]: [ModelEngine] [A] Unknown MythicMobs script: MEGAWARDEN_leftswipe_totem
[19:41:49] [Craft Scheduler Thread - 113 - ModelEngine/WARN]: [ModelEngine] [A] Unknown MythicMobs script: MEGAWARDEN_leftswipe_totem
[19:41:50] [Craft Scheduler Thread - 84 - ModelEngine/WARN]: [ModelEngine] [A] Unknown MythicMobs script: MEGAWARDEN_leftswipe_totem
[19:41:50] [Craft Scheduler Thread - 98 - ModelEngine/WARN]: [ModelEngine] [A] Unknown MythicMobs script: MEGAWARDEN_leftswipe_totem
[19:41:50] [Craft Scheduler Thread - 98 - ModelEngine/WARN]: [ModelEngine] [A] Unknown MythicMobs script: MEGAWARDEN_leftswipe_totem
[19:41:50] [Craft Scheduler Thread - 128 - ModelEngine/WARN]: [ModelEngine] [A] Unknown MythicMobs script: MEGAWARDEN_leftswipe_totem
[19:41:50] [Craft Scheduler Thread - 39 - ModelEngine/WARN]: [ModelEngine] [A] Unknown MythicMobs script: MEGAWARDEN_leftswipe_totem
[19:41:50] [Craft Scheduler Thread - 127 - ModelEngine/WARN]: [ModelEngine] [A] Unknown MythicMobs script: MEGAWARDEN_leftswipe_totem
[19:41:51] [Craft Scheduler Thread - 127 - ModelEngine/WARN]: [ModelEngine] [A] Unknown MythicMobs script: MEGAWARDEN_rightswipe_totem
[19:41:51] [Craft Scheduler Thread - 127 - ModelEngine/WARN]: [ModelEngine] [A] Unknown MythicMobs script: MEGAWARDEN_rightswipe_totem
[19:41:51] [Craft Scheduler Thread - 127 - ModelEngine/WARN]: [ModelEngine] [A] Unknown MythicMobs script: MEGAWARDEN_rightswipe_totem
[19:41:51] [Craft Scheduler Thread - 117 - ModelEngine/WARN]: [ModelEngine] [A] Unknown MythicMobs script: MEGAWARDEN_rightswipe_totem
[19:41:51] [Craft Scheduler Thread - 84 - ModelEngine/WARN]: [ModelEngine] [A] Unknown MythicMobs script: MEGAWARDEN_rightswipe_totem
[19:41:51] [Craft Scheduler Thread - 39 - ModelEngine/WARN]: [ModelEngine] [A] Unknown MythicMobs script: MEGAWARDEN_rightswipe_totem
[19:41:51] [Craft Scheduler Thread - 128 - ModelEngine/WARN]: [ModelEngine] [A] Unknown MythicMobs script: MEGAWARDEN_rightswipe_totem
[19:41:51] [Craft Scheduler Thread - 128 - ModelEngine/WARN]: [ModelEngine] [A] Unknown MythicMobs script: MEGAWARDEN_rightswipe_totem
[19:41:51] [Craft Scheduler Thread - 127 - ModelEngine/WARN]: [ModelEngine] [A] Unknown MythicMobs script: MEGAWARDEN_rightswipe_totem
[19:42:04] [Craft Scheduler Thread - 116 - ModelEngine/WARN]: [ModelEngine] [A] Unknown MythicMobs script: MEGAWARDEN_leftswipe_totem
[19:42:04] [Craft Scheduler Thread - 98 - ModelEngine/WARN]: [ModelEngine] [A] Unknown MythicMobs script: MEGAWARDEN_leftswipe_totem
[19:42:04] [Craft Scheduler Thread - 98 - ModelEngine/WARN]: [ModelEngine] [A] Unknown MythicMobs script: MEGAWARDEN_leftswipe_totem
[19:42:04] [Craft Scheduler Thread - 117 - ModelEngine/WARN]: [ModelEngine] [A] Unknown MythicMobs script: MEGAWARDEN_leftswipe_totem
[19:42:04] [Craft Scheduler Thread - 115 - ModelEngine/WARN]: [ModelEngine] [A] Unknown MythicMobs script: MEGAWARDEN_leftswipe_totem
[19:42:04] [Craft Scheduler Thread - 127 - ModelEngine/WARN]: [ModelEngine] [A] Unknown MythicMobs script: MEGAWARDEN_leftswipe_totem
[19:42:05] [Craft Scheduler Thread - 127 - ModelEngine/WARN]: [ModelEngine] [A] Unknown MythicMobs script: MEGAWARDEN_leftswipe_totem
[19:42:05] [Craft Scheduler Thread - 123 - ModelEngine/WARN]: [ModelEngine] [A] Unknown MythicMobs script: MEGAWARDEN_rightswipe_totem
[19:42:05] [Craft Scheduler Thread - 123 - ModelEngine/WARN]: [ModelEngine] [A] Unknown MythicMobs script: MEGAWARDEN_rightswipe_totem
[19:42:05] [Craft Scheduler Thread - 117 - ModelEngine/WARN]: [ModelEngine] [A] Unknown MythicMobs script: MEGAWARDEN_rightswipe_totem
[19:42:05] [Craft Scheduler Thread - 98 - ModelEngine/WARN]: [ModelEngine] [A] Unknown MythicMobs script: MEGAWARDEN_rightswipe_totem
[19:42:05] [Craft Scheduler Thread - 39 - ModelEngine/WARN]: [ModelEngine] [A] Unknown MythicMobs script: MEGAWARDEN_rightswipe_totem
[19:42:05] [Craft Scheduler Thread - 127 - ModelEngine/WARN]: [ModelEngine] [A] Unknown MythicMobs script: MEGAWARDEN_rightswipe_totem
[19:42:05] [Craft Scheduler Thread - 129 - ModelEngine/WARN]: [ModelEngine] [A] Unknown MythicMobs script: MEGAWARDEN_rightswipe_totem
[19:42:05] [Craft Scheduler Thread - 129 - ModelEngine/WARN]: [ModelEngine] [A] Unknown MythicMobs script: MEGAWARDEN_rightswipe_totem
[19:42:05] [Craft Scheduler Thread - 98 - ModelEngine/WARN]: [ModelEngine] [A] Unknown MythicMobs script: MEGAWARDEN_rightswipe_totem
[19:42:05] [Craft Scheduler Thread - 115 - ModelEngine/WARN]: [ModelEngine] [A] Unknown MythicMobs script: MEGAWARDEN_leftswipe_totem
[19:42:05] [Craft Scheduler Thread - 98 - ModelEngine/WARN]: [ModelEngine] [A] Unknown MythicMobs script: MEGAWARDEN_leftswipe_totem
[19:42:05] [Craft Scheduler Thread - 98 - ModelEngine/WARN]: [ModelEngine] [A] Unknown MythicMobs script: MEGAWARDEN_leftswipe_totem
[19:42:05] [Craft Scheduler Thread - 121 - ModelEngine/WARN]: [ModelEngine] [A] Unknown MythicMobs script: MEGAWARDEN_leftswipe_totem
[19:42:06] [Craft Scheduler Thread - 98 - ModelEngine/WARN]: [ModelEngine] [A] Unknown MythicMobs script: MEGAWARDEN_leftswipe_totem
[19:42:06] [Craft Scheduler Thread - 117 - ModelEngine/WARN]: [ModelEngine] [A] Unknown MythicMobs script: MEGAWARDEN_leftswipe_totem
[19:42:06] [Craft Scheduler Thread - 120 - ModelEngine/WARN]: [ModelEngine] [A] Unknown MythicMobs script: MEGAWARDEN_leftswipe_totem
[19:42:06] [Craft Scheduler Thread - 115 - ModelEngine/WARN]: [ModelEngine] [A] Unknown MythicMobs script: MEGAWARDEN_leftswipe_totem
[19:42:06] [Craft Scheduler Thread - 116 - ModelEngine/WARN]: [ModelEngine] [A] Unknown MythicMobs script: MEGAWARDEN_rightswipe_totem
[19:42:06] [Craft Scheduler Thread - 116 - ModelEngine/WARN]: [ModelEngine] [A] Unknown MythicMobs script: MEGAWARDEN_rightswipe_totem
[19:42:06] [Craft Scheduler Thread - 130 - ModelEngine/WARN]: [ModelEngine] [A] Unknown MythicMobs script: MEGAWARDEN_rightswipe_totem
[19:42:06] [Craft Scheduler Thread - 39 - ModelEngine/WARN]: [ModelEngine] [A] Unknown MythicMobs script: MEGAWARDEN_rightswipe_totem
[19:42:06] [Craft Scheduler Thread - 130 - ModelEngine/WARN]: [ModelEngine] [A] Unknown MythicMobs script: MEGAWARDEN_rightswipe_totem
[19:42:06] [Craft Scheduler Thread - 115 - ModelEngine/WARN]: [ModelEngine] [A] Unknown MythicMobs script: MEGAWARDEN_rightswipe_totem
[19:42:06] [Craft Scheduler Thread - 116 - ModelEngine/WARN]: [ModelEngine] [A] Unknown MythicMobs script: MEGAWARDEN_rightswipe_totem
[19:42:06] [Craft Scheduler Thread - 116 - ModelEngine/WARN]: [ModelEngine] [A] Unknown MythicMobs script: MEGAWARDEN_rightswipe_totem
[19:42:06] [Craft Scheduler Thread - 39 - ModelEngine/WARN]: [ModelEngine] [A] Unknown MythicMobs script: MEGAWARDEN_rightswipe_totem
[19:42:11] [Craft Scheduler Thread - 98 - ModelEngine/WARN]: [ModelEngine] [A] Unknown MythicMobs script: MEGAWARDEN_leftswipe_totem
[19:42:11] [Craft Scheduler Thread - 123 - ModelEngine/WARN]: [ModelEngine] [A] Unknown MythicMobs script: MEGAWARDEN_leftswipe_totem
[19:42:11] [Craft Scheduler Thread - 123 - ModelEngine/WARN]: [ModelEngine] [A] Unknown MythicMobs script: MEGAWARDEN_leftswipe_totem
[19:42:11] [Craft Scheduler Thread - 126 - ModelEngine/WARN]: [ModelEngine] [A] Unknown MythicMobs script: MEGAWARDEN_leftswipe_totem
[19:42:11] [Craft Scheduler Thread - 126 - ModelEngine/WARN]: [ModelEngine] [A] Unknown MythicMobs script: MEGAWARDEN_leftswipe_totem
[19:42:11] [Craft Scheduler Thread - 113 - ModelEngine/WARN]: [ModelEngine] [A] Unknown MythicMobs script: MEGAWARDEN_leftswipe_totem
[19:42:11] [Craft Scheduler Thread - 117 - ModelEngine/WARN]: [ModelEngine] [A] Unknown MythicMobs script: MEGAWARDEN_rightswipe_totem
[19:42:11] [Craft Scheduler Thread - 117 - ModelEngine/WARN]: [ModelEngine] [A] Unknown MythicMobs script: MEGAWARDEN_rightswipe_totem
[19:42:11] [Craft Scheduler Thread - 117 - ModelEngine/WARN]: [ModelEngine] [A] Unknown MythicMobs script: MEGAWARDEN_rightswipe_totem
[19:42:11] [Craft Scheduler Thread - 84 - ModelEngine/WARN]: [ModelEngine] [A] Unknown MythicMobs script: MEGAWARDEN_rightswipe_totem
[19:42:11] [Craft Scheduler Thread - 84 - ModelEngine/WARN]: [ModelEngine] [A] Unknown MythicMobs script: MEGAWARDEN_rightswipe_totem
[19:42:11] [Craft Scheduler Thread - 126 - ModelEngine/WARN]: [ModelEngine] [A] Unknown MythicMobs script: MEGAWARDEN_rightswipe_totem
[19:42:11] [Craft Scheduler Thread - 84 - ModelEngine/WARN]: [ModelEngine] [A] Unknown MythicMobs script: MEGAWARDEN_rightswipe_totem
[19:42:11] [Craft Scheduler Thread - 84 - ModelEngine/WARN]: [ModelEngine] [A] Unknown MythicMobs script: MEGAWARDEN_rightswipe_totem
[19:42:11] [Craft Scheduler Thread - 110 - ModelEngine/WARN]: [ModelEngine] [A] Unknown MythicMobs script: MEGAWARDEN_rightswipe_totem
[19:42:12] [Craft Scheduler Thread - 130 - ModelEngine/WARN]: [ModelEngine] [A] Unknown MythicMobs script: MEGAWARDEN_leftswipe_totem
[19:42:12] [Craft Scheduler Thread - 117 - ModelEngine/WARN]: [ModelEngine] [A] Unknown MythicMobs script: MEGAWARDEN_leftswipe_totem
[19:42:12] [Craft Scheduler Thread - 117 - ModelEngine/WARN]: [ModelEngine] [A] Unknown MythicMobs script: MEGAWARDEN_leftswipe_totem
[19:42:12] [Craft Scheduler Thread - 129 - ModelEngine/WARN]: [ModelEngine] [A] Unknown MythicMobs script: MEGAWARDEN_leftswipe_totem
[19:42:12] [Craft Scheduler Thread - 120 - ModelEngine/WARN]: [ModelEngine] [A] Unknown MythicMobs script: MEGAWARDEN_leftswipe_totem
[19:42:12] [Craft Scheduler Thread - 129 - ModelEngine/WARN]: [ModelEngine] [A] Unknown MythicMobs script: MEGAWARDEN_leftswipe_totem
[19:42:12] [Craft Scheduler Thread - 118 - ModelEngine/WARN]: [ModelEngine] [A] Unknown MythicMobs script: MEGAWARDEN_leftswipe_totem
[19:42:12] [Craft Scheduler Thread - 84 - ModelEngine/WARN]: [ModelEngine] [A] Unknown MythicMobs script: MEGAWARDEN_leftswipe_totem
[19:42:12] [Craft Scheduler Thread - 113 - ModelEngine/WARN]: [ModelEngine] [A] Unknown MythicMobs script: MEGAWARDEN_rightswipe_totem
[19:42:12] [Craft Scheduler Thread - 113 - ModelEngine/WARN]: [ModelEngine] [A] Unknown MythicMobs script: MEGAWARDEN_rightswipe_totem
[19:42:13] [Craft Scheduler Thread - 129 - ModelEngine/WARN]: [ModelEngine] [A] Unknown MythicMobs script: MEGAWARDEN_rightswipe_totem
[19:42:13] [Craft Scheduler Thread - 121 - ModelEngine/WARN]: [ModelEngine] [A] Unknown MythicMobs script: MEGAWARDEN_rightswipe_totem
[19:42:13] [Craft Scheduler Thread - 117 - ModelEngine/WARN]: [ModelEngine] [A] Unknown MythicMobs script: MEGAWARDEN_rightswipe_totem
[19:42:13] [Craft Scheduler Thread - 115 - ModelEngine/WARN]: [ModelEngine] [A] Unknown MythicMobs script: MEGAWARDEN_rightswipe_totem
[19:42:13] [Craft Scheduler Thread - 116 - ModelEngine/WARN]: [ModelEngine] [A] Unknown MythicMobs script: MEGAWARDEN_rightswipe_totem
[19:42:13] [Craft Scheduler Thread - 116 - ModelEngine/WARN]: [ModelEngine] [A] Unknown MythicMobs script: MEGAWARDEN_rightswipe_totem
[19:42:13] [Craft Scheduler Thread - 115 - ModelEngine/WARN]: [ModelEngine] [A] Unknown MythicMobs script: MEGAWARDEN_rightswipe_totem
[19:42:13] [Craft Scheduler Thread - 120 - ModelEngine/WARN]: [ModelEngine] [A] Unknown MythicMobs script: MEGAWARDEN_leftswipe_totem
[19:42:13] [Craft Scheduler Thread - 110 - ModelEngine/WARN]: [ModelEngine] [A] Unknown MythicMobs script: MEGAWARDEN_leftswipe_totem
[19:42:13] [Craft Scheduler Thread - 110 - ModelEngine/WARN]: [ModelEngine] [A] Unknown MythicMobs script: MEGAWARDEN_leftswipe_totem
[19:42:13] [Craft Scheduler Thread - 71 - ModelEngine/WARN]: [ModelEngine] [A] Unknown MythicMobs script: MEGAWARDEN_leftswipe_totem
[19:42:13] [Craft Scheduler Thread - 121 - ModelEngine/WARN]: [ModelEngine] [A] Unknown MythicMobs script: MEGAWARDEN_leftswipe_totem
[19:42:13] [Craft Scheduler Thread - 39 - ModelEngine/WARN]: [ModelEngine] [A] Unknown MythicMobs script: MEGAWARDEN_leftswipe_totem
[19:42:13] [Craft Scheduler Thread - 110 - ModelEngine/WARN]: [ModelEngine] [A] Unknown MythicMobs script: MEGAWARDEN_leftswipe_totem
[19:42:13] [Craft Scheduler Thread - 127 - ModelEngine/WARN]: [ModelEngine] [A] Unknown MythicMobs script: MEGAWARDEN_leftswipe_totem
[19:42:14] [Craft Scheduler Thread - 110 - ModelEngine/WARN]: [ModelEngine] [A] Unknown MythicMobs script: MEGAWARDEN_rightswipe_totem
[19:42:14] [Craft Scheduler Thread - 110 - ModelEngine/WARN]: [ModelEngine] [A] Unknown MythicMobs script: MEGAWARDEN_rightswipe_totem
[19:42:14] [Craft Scheduler Thread - 120 - ModelEngine/WARN]: [ModelEngine] [A] Unknown MythicMobs script: MEGAWARDEN_rightswipe_totem
[19:42:14] [Craft Scheduler Thread - 116 - ModelEngine/WARN]: [ModelEngine] [A] Unknown MythicMobs script: MEGAWARDEN_rightswipe_totem
[19:42:14] [Craft Scheduler Thread - 115 - ModelEngine/WARN]: [ModelEngine] [A] Unknown MythicMobs script: MEGAWARDEN_rightswipe_totem
[19:42:14] [Craft Scheduler Thread - 120 - ModelEngine/WARN]: [ModelEngine] [A] Unknown MythicMobs script: MEGAWARDEN_rightswipe_totem
[19:42:14] [Craft Scheduler Thread - 115 - ModelEngine/WARN]: [ModelEngine] [A] Unknown MythicMobs script: MEGAWARDEN_rightswipe_totem
[19:42:14] [Craft Scheduler Thread - 115 - ModelEngine/WARN]: [ModelEngine] [A] Unknown MythicMobs script: MEGAWARDEN_rightswipe_totem
[19:42:14] [Craft Scheduler Thread - 116 - ModelEngine/WARN]: [ModelEngine] [A] Unknown MythicMobs script: MEGAWARDEN_rightswipe_totem
[19:42:14] [Craft Scheduler Thread - 129 - ModelEngine/WARN]: [ModelEngine] [A] Unknown MythicMobs script: MEGAWARDEN_leftswipe_totem
[19:42:14] [Craft Scheduler Thread - 118 - ModelEngine/WARN]: [ModelEngine] [A] Unknown MythicMobs script: MEGAWARDEN_leftswipe_totem
[19:42:14] [Craft Scheduler Thread - 118 - ModelEngine/WARN]: [ModelEngine] [A] Unknown MythicMobs script: MEGAWARDEN_leftswipe_totem
[19:42:14] [Craft Scheduler Thread - 115 - ModelEngine/WARN]: [ModelEngine] [A] Unknown MythicMobs script: MEGAWARDEN_leftswipe_totem
[19:42:15] [Craft Scheduler Thread - 115 - ModelEngine/WARN]: [ModelEngine] [A] Unknown MythicMobs script: MEGAWARDEN_leftswipe_totem
[19:42:15] [Craft Scheduler Thread - 115 - ModelEngine/WARN]: [ModelEngine] [A] Unknown MythicMobs script: MEGAWARDEN_leftswipe_totem
[19:42:15] [Craft Scheduler Thread - 113 - ModelEngine/WARN]: [ModelEngine] [A] Unknown MythicMobs script: MEGAWARDEN_leftswipe_totem
[19:42:15] [Craft Scheduler Thread - 129 - ModelEngine/WARN]: [ModelEngine] [A] Unknown MythicMobs script: MEGAWARDEN_leftswipe_totem
[19:42:15] [Craft Scheduler Thread - 116 - ModelEngine/WARN]: [ModelEngine] [A] Unknown MythicMobs script: MEGAWARDEN_rightswipe_totem
[19:42:15] [Craft Scheduler Thread - 116 - ModelEngine/WARN]: [ModelEngine] [A] Unknown MythicMobs script: MEGAWARDEN_rightswipe_totem
[19:42:15] [Craft Scheduler Thread - 130 - ModelEngine/WARN]: [ModelEngine] [A] Unknown MythicMobs script: MEGAWARDEN_rightswipe_totem
[19:42:15] [Craft Scheduler Thread - 123 - ModelEngine/WARN]: [ModelEngine] [A] Unknown MythicMobs script: MEGAWARDEN_rightswipe_totem
[19:42:15] [Craft Scheduler Thread - 130 - ModelEngine/WARN]: [ModelEngine] [A] Unknown MythicMobs script: MEGAWARDEN_rightswipe_totem
[19:42:15] [Craft Scheduler Thread - 39 - ModelEngine/WARN]: [ModelEngine] [A] Unknown MythicMobs script: MEGAWARDEN_rightswipe_totem
[19:42:15] [Craft Scheduler Thread - 129 - ModelEngine/WARN]: [ModelEngine] [A] Unknown MythicMobs script: MEGAWARDEN_rightswipe_totem
[19:42:15] [Craft Scheduler Thread - 129 - ModelEngine/WARN]: [ModelEngine] [A] Unknown MythicMobs script: MEGAWARDEN_rightswipe_totem
[19:42:15] [Craft Scheduler Thread - 126 - ModelEngine/WARN]: [ModelEngine] [A] Unknown MythicMobs script: MEGAWARDEN_rightswipe_totem
[19:42:16] [Craft Scheduler Thread - 39 - ModelEngine/WARN]: [ModelEngine] [A] Unknown MythicMobs script: MEGAWARDEN_leftswipe_totem
[19:42:16] [Craft Scheduler Thread - 129 - ModelEngine/WARN]: [ModelEngine] [A] Unknown MythicMobs script: MEGAWARDEN_leftswipe_totem
[19:42:16] [Craft Scheduler Thread - 129 - ModelEngine/WARN]: [ModelEngine] [A] Unknown MythicMobs script: MEGAWARDEN_leftswipe_totem
[19:42:16] [Craft Scheduler Thread - 118 - ModelEngine/WARN]: [ModelEngine] [A] Unknown MythicMobs script: MEGAWARDEN_leftswipe_totem
[19:42:16] [Craft Scheduler Thread - 71 - ModelEngine/WARN]: [ModelEngine] [A] Unknown MythicMobs script: MEGAWARDEN_leftswipe_totem
[19:42:16] [Craft Scheduler Thread - 129 - ModelEngine/WARN]: [ModelEngine] [A] Unknown MythicMobs script: MEGAWARDEN_leftswipe_totem
[19:42:16] [Craft Scheduler Thread - 129 - ModelEngine/WARN]: [ModelEngine] [A] Unknown MythicMobs script: MEGAWARDEN_leftswipe_totem
[19:42:16] [Craft Scheduler Thread - 118 - ModelEngine/WARN]: [ModelEngine] [A] Unknown MythicMobs script: MEGAWARDEN_leftswipe_totem
[19:42:16] [Craft Scheduler Thread - 115 - ModelEngine/WARN]: [ModelEngine] [A] Unknown MythicMobs script: MEGAWARDEN_rightswipe_totem
[19:42:16] [Craft Scheduler Thread - 115 - ModelEngine/WARN]: [ModelEngine] [A] Unknown MythicMobs script: MEGAWARDEN_rightswipe_totem
[19:42:16] [Craft Scheduler Thread - 123 - ModelEngine/WARN]: [ModelEngine] [A] Unknown MythicMobs script: MEGAWARDEN_rightswipe_totem
[19:42:16] [Craft Scheduler Thread - 118 - ModelEngine/WARN]: [ModelEngine] [A] Unknown MythicMobs script: MEGAWARDEN_rightswipe_totem
[19:42:17] [Craft Scheduler Thread - 129 - ModelEngine/WARN]: [ModelEngine] [A] Unknown MythicMobs script: MEGAWARDEN_rightswipe_totem
[19:42:17] [Craft Scheduler Thread - 80 - ModelEngine/WARN]: [ModelEngine] [A] Unknown MythicMobs script: MEGAWARDEN_rightswipe_totem
[19:42:17] [Craft Scheduler Thread - 120 - ModelEngine/WARN]: [ModelEngine] [A] Unknown MythicMobs script: MEGAWARDEN_rightswipe_totem
[19:42:17] [Craft Scheduler Thread - 120 - ModelEngine/WARN]: [ModelEngine] [A] Unknown MythicMobs script: MEGAWARDEN_rightswipe_totem
[19:42:17] [Craft Scheduler Thread - 80 - ModelEngine/WARN]: [ModelEngine] [A] Unknown MythicMobs script: MEGAWARDEN_rightswipe_totem
[19:42:17] [Craft Scheduler Thread - 129 - ModelEngine/WARN]: [ModelEngine] [A] Unknown MythicMobs script: MEGAWARDEN_leftswipe_totem
[19:42:17] [Craft Scheduler Thread - 115 - ModelEngine/WARN]: [ModelEngine] [A] Unknown MythicMobs script: MEGAWARDEN_leftswipe_totem
[19:42:17] [Craft Scheduler Thread - 115 - ModelEngine/WARN]: [ModelEngine] [A] Unknown MythicMobs script: MEGAWARDEN_leftswipe_totem
[19:42:17] [Craft Scheduler Thread - 127 - ModelEngine/WARN]: [ModelEngine] [A] Unknown MythicMobs script: MEGAWARDEN_leftswipe_totem
[19:42:17] [Craft Scheduler Thread - 84 - ModelEngine/WARN]: [ModelEngine] [A] Unknown MythicMobs script: MEGAWARDEN_leftswipe_totem
[19:42:17] [Craft Scheduler Thread - 118 - ModelEngine/WARN]: [ModelEngine] [A] Unknown MythicMobs script: MEGAWARDEN_leftswipe_totem
[19:42:17] [Craft Scheduler Thread - 116 - ModelEngine/WARN]: [ModelEngine] [A] Unknown MythicMobs script: MEGAWARDEN_leftswipe_totem
[19:42:17] [Craft Scheduler Thread - 129 - ModelEngine/WARN]: [ModelEngine] [A] Unknown MythicMobs script: MEGAWARDEN_leftswipe_totem
[19:42:18] [Craft Scheduler Thread - 84 - ModelEngine/WARN]: [ModelEngine] [A] Unknown MythicMobs script: MEGAWARDEN_rightswipe_totem
[19:42:18] [Craft Scheduler Thread - 84 - ModelEngine/WARN]: [ModelEngine] [A] Unknown MythicMobs script: MEGAWARDEN_rightswipe_totem
[19:42:18] [Craft Scheduler Thread - 84 - ModelEngine/WARN]: [ModelEngine] [A] Unknown MythicMobs script: MEGAWARDEN_rightswipe_totem
[19:42:18] [Craft Scheduler Thread - 123 - ModelEngine/WARN]: [ModelEngine] [A] Unknown MythicMobs script: MEGAWARDEN_rightswipe_totem
[19:42:18] [Craft Scheduler Thread - 121 - ModelEngine/WARN]: [ModelEngine] [A] Unknown MythicMobs script: MEGAWARDEN_rightswipe_totem
[19:42:18] [Craft Scheduler Thread - 71 - ModelEngine/WARN]: [ModelEngine] [A] Unknown MythicMobs script: MEGAWARDEN_rightswipe_totem
[19:42:18] [Craft Scheduler Thread - 71 - ModelEngine/WARN]: [ModelEngine] [A] Unknown MythicMobs script: MEGAWARDEN_rightswipe_totem
[19:42:18] [Craft Scheduler Thread - 71 - ModelEngine/WARN]: [ModelEngine] [A] Unknown MythicMobs script: MEGAWARDEN_rightswipe_totem
[19:42:18] [Craft Scheduler Thread - 117 - ModelEngine/WARN]: [ModelEngine] [A] Unknown MythicMobs script: MEGAWARDEN_rightswipe_totem
[19:42:18] [Craft Scheduler Thread - 129 - ModelEngine/WARN]: [ModelEngine] [A] Unknown MythicMobs script: MEGAWARDEN_leftswipe_totem
[19:42:18] [Craft Scheduler Thread - 80 - ModelEngine/WARN]: [ModelEngine] [A] Unknown MythicMobs script: MEGAWARDEN_leftswipe_totem
[19:42:18] [Craft Scheduler Thread - 80 - ModelEngine/WARN]: [ModelEngine] [A] Unknown MythicMobs script: MEGAWARDEN_leftswipe_totem
[19:42:18] [Craft Scheduler Thread - 98 - ModelEngine/WARN]: [ModelEngine] [A] Unknown MythicMobs script: MEGAWARDEN_leftswipe_totem
[19:42:18] [Craft Scheduler Thread - 98 - ModelEngine/WARN]: [ModelEngine] [A] Unknown MythicMobs script: MEGAWARDEN_leftswipe_totem
[19:42:19] [Craft Scheduler Thread - 110 - ModelEngine/WARN]: [ModelEngine] [A] Unknown MythicMobs script: MEGAWARDEN_leftswipe_totem
[19:42:19] [Craft Scheduler Thread - 98 - ModelEngine/WARN]: [ModelEngine] [A] Unknown MythicMobs script: MEGAWARDEN_leftswipe_totem
[19:42:19] [Craft Scheduler Thread - 123 - ModelEngine/WARN]: [ModelEngine] [A] Unknown MythicMobs script: MEGAWARDEN_leftswipe_totem
[19:42:24] [Craft Scheduler Thread - 128 - ModelEngine/WARN]: [ModelEngine] [A] Unknown MythicMobs script: MEGAWARDEN_leftswipe_totem
[19:42:24] [Craft Scheduler Thread - 121 - ModelEngine/WARN]: [ModelEngine] [A] Unknown MythicMobs script: MEGAWARDEN_leftswipe_totem
[19:42:24] [Craft Scheduler Thread - 121 - ModelEngine/WARN]: [ModelEngine] [A] Unknown MythicMobs script: MEGAWARDEN_leftswipe_totem
[19:42:24] [Craft Scheduler Thread - 129 - ModelEngine/WARN]: [ModelEngine] [A] Unknown MythicMobs script: MEGAWARDEN_leftswipe_totem
[19:42:24] [Craft Scheduler Thread - 128 - ModelEngine/WARN]: [ModelEngine] [A] Unknown MythicMobs script: MEGAWARDEN_leftswipe_totem
[19:42:24] [Craft Scheduler Thread - 127 - ModelEngine/WARN]: [ModelEngine] [A] Unknown MythicMobs script: MEGAWARDEN_leftswipe_totem
[19:42:24] [Craft Scheduler Thread - 126 - ModelEngine/WARN]: [ModelEngine] [A] Unknown MythicMobs script: MEGAWARDEN_rightswipe_totem
[19:42:24] [Craft Scheduler Thread - 126 - ModelEngine/WARN]: [ModelEngine] [A] Unknown MythicMobs script: MEGAWARDEN_rightswipe_totem
[19:42:24] [Craft Scheduler Thread - 98 - ModelEngine/WARN]: [ModelEngine] [A] Unknown MythicMobs script: MEGAWARDEN_rightswipe_totem
[19:42:24] [Craft Scheduler Thread - 115 - ModelEngine/WARN]: [ModelEngine] [A] Unknown MythicMobs script: MEGAWARDEN_rightswipe_totem
[19:42:24] [Craft Scheduler Thread - 128 - ModelEngine/WARN]: [ModelEngine] [A] Unknown MythicMobs script: MEGAWARDEN_rightswipe_totem
[19:42:24] [Craft Scheduler Thread - 118 - ModelEngine/WARN]: [ModelEngine] [A] Unknown MythicMobs script: MEGAWARDEN_rightswipe_totem
[19:42:24] [Craft Scheduler Thread - 129 - ModelEngine/WARN]: [ModelEngine] [A] Unknown MythicMobs script: MEGAWARDEN_rightswipe_totem
[19:42:24] [Craft Scheduler Thread - 129 - ModelEngine/WARN]: [ModelEngine] [A] Unknown MythicMobs script: MEGAWARDEN_rightswipe_totem
[19:42:24] [Craft Scheduler Thread - 117 - ModelEngine/WARN]: [ModelEngine] [A] Unknown MythicMobs script: MEGAWARDEN_rightswipe_totem
[19:42:25] [Craft Scheduler Thread - 84 - ModelEngine/WARN]: [ModelEngine] [A] Unknown MythicMobs script: MEGAWARDEN_leftswipe_totem
[19:42:25] [Craft Scheduler Thread - 116 - ModelEngine/WARN]: [ModelEngine] [A] Unknown MythicMobs script: MEGAWARDEN_leftswipe_totem
[19:42:25] [Craft Scheduler Thread - 116 - ModelEngine/WARN]: [ModelEngine] [A] Unknown MythicMobs script: MEGAWARDEN_leftswipe_totem
[19:42:25] [Craft Scheduler Thread - 117 - ModelEngine/WARN]: [ModelEngine] [A] Unknown MythicMobs script: MEGAWARDEN_leftswipe_totem
[19:42:25] [Craft Scheduler Thread - 116 - ModelEngine/WARN]: [ModelEngine] [A] Unknown MythicMobs script: MEGAWARDEN_leftswipe_totem
[19:42:25] [Craft Scheduler Thread - 116 - ModelEngine/WARN]: [ModelEngine] [A] Unknown MythicMobs script: MEGAWARDEN_leftswipe_totem
[19:42:25] [Craft Scheduler Thread - 116 - ModelEngine/WARN]: [ModelEngine] [A] Unknown MythicMobs script: MEGAWARDEN_leftswipe_totem
[19:42:25] [Craft Scheduler Thread - 117 - ModelEngine/WARN]: [ModelEngine] [A] Unknown MythicMobs script: MEGAWARDEN_leftswipe_totem
[19:42:25] [Craft Scheduler Thread - 80 - ModelEngine/WARN]: [ModelEngine] [A] Unknown MythicMobs script: MEGAWARDEN_rightswipe_totem
[19:42:25] [Craft Scheduler Thread - 80 - ModelEngine/WARN]: [ModelEngine] [A] Unknown MythicMobs script: MEGAWARDEN_rightswipe_totem
[19:42:26] [Craft Scheduler Thread - 120 - ModelEngine/WARN]: [ModelEngine] [A] Unknown MythicMobs script: MEGAWARDEN_rightswipe_totem
[19:42:26] [Craft Scheduler Thread - 39 - ModelEngine/WARN]: [ModelEngine] [A] Unknown MythicMobs script: MEGAWARDEN_rightswipe_totem
[19:42:26] [Craft Scheduler Thread - 116 - ModelEngine/WARN]: [ModelEngine] [A] Unknown MythicMobs script: MEGAWARDEN_rightswipe_totem
[19:42:26] [Craft Scheduler Thread - 115 - ModelEngine/WARN]: [ModelEngine] [A] Unknown MythicMobs script: MEGAWARDEN_rightswipe_totem
[19:42:26] [Craft Scheduler Thread - 115 - ModelEngine/WARN]: [ModelEngine] [A] Unknown MythicMobs script: MEGAWARDEN_rightswipe_totem
[19:42:26] [Craft Scheduler Thread - 115 - ModelEngine/WARN]: [ModelEngine] [A] Unknown MythicMobs script: MEGAWARDEN_rightswipe_totem
[19:42:26] [Craft Scheduler Thread - 128 - ModelEngine/WARN]: [ModelEngine] [A] Unknown MythicMobs script: MEGAWARDEN_rightswipe_totem
[19:42:30] [Craft Scheduler Thread - 120 - ModelEngine/WARN]: [ModelEngine] [A] Unknown MythicMobs script: MEGAWARDEN_leftswipe_totem
[19:42:31] [Craft Scheduler Thread - 118 - ModelEngine/WARN]: [ModelEngine] [A] Unknown MythicMobs script: MEGAWARDEN_leftswipe_totem
[19:42:31] [Craft Scheduler Thread - 118 - ModelEngine/WARN]: [ModelEngine] [A] Unknown MythicMobs script: MEGAWARDEN_leftswipe_totem
[19:42:31] [Craft Scheduler Thread - 128 - ModelEngine/WARN]: [ModelEngine] [A] Unknown MythicMobs script: MEGAWARDEN_leftswipe_totem
[19:42:31] [Craft Scheduler Thread - 129 - ModelEngine/WARN]: [ModelEngine] [A] Unknown MythicMobs script: MEGAWARDEN_leftswipe_totem
[19:42:31] [Craft Scheduler Thread - 121 - ModelEngine/WARN]: [ModelEngine] [A] Unknown MythicMobs script: MEGAWARDEN_leftswipe_totem
[19:42:31] [Craft Scheduler Thread - 120 - ModelEngine/WARN]: [ModelEngine] [A] Unknown MythicMobs script: MEGAWARDEN_leftswipe_totem
[19:42:31] [Craft Scheduler Thread - 116 - ModelEngine/WARN]: [ModelEngine] [A] Unknown MythicMobs script: MEGAWARDEN_rightswipe_totem
[19:42:31] [Craft Scheduler Thread - 116 - ModelEngine/WARN]: [ModelEngine] [A] Unknown MythicMobs script: MEGAWARDEN_rightswipe_totem
[19:42:31] [Craft Scheduler Thread - 123 - ModelEngine/WARN]: [ModelEngine] [A] Unknown MythicMobs script: MEGAWARDEN_rightswipe_totem
[19:42:31] [Craft Scheduler Thread - 115 - ModelEngine/WARN]: [ModelEngine] [A] Unknown MythicMobs script: MEGAWARDEN_rightswipe_totem
[19:42:31] [Craft Scheduler Thread - 80 - ModelEngine/WARN]: [ModelEngine] [A] Unknown MythicMobs script: MEGAWARDEN_rightswipe_totem
[19:42:31] [Craft Scheduler Thread - 120 - ModelEngine/WARN]: [ModelEngine] [A] Unknown MythicMobs script: MEGAWARDEN_rightswipe_totem
[19:42:31] [Craft Scheduler Thread - 39 - ModelEngine/WARN]: [ModelEngine] [A] Unknown MythicMobs script: MEGAWARDEN_rightswipe_totem
[19:42:31] [Craft Scheduler Thread - 39 - ModelEngine/WARN]: [ModelEngine] [A] Unknown MythicMobs script: MEGAWARDEN_rightswipe_totem
[19:42:31] [Craft Scheduler Thread - 118 - ModelEngine/WARN]: [ModelEngine] [A] Unknown MythicMobs script: MEGAWARDEN_rightswipe_totem
[19:42:38] [Craft Scheduler Thread - 118 - ModelEngine/WARN]: [ModelEngine] [A] Unknown MythicMobs script: MEGAWARDEN_leftswipe_totem
[19:42:38] [Craft Scheduler Thread - 113 - ModelEngine/WARN]: [ModelEngine] [A] Unknown MythicMobs script: MEGAWARDEN_leftswipe_totem
[19:42:38] [Craft Scheduler Thread - 113 - ModelEngine/WARN]: [ModelEngine] [A] Unknown MythicMobs script: MEGAWARDEN_leftswipe_totem
[19:42:38] [Craft Scheduler Thread - 39 - ModelEngine/WARN]: [ModelEngine] [A] Unknown MythicMobs script: MEGAWARDEN_leftswipe_totem
[19:42:38] [Craft Scheduler Thread - 123 - ModelEngine/WARN]: [ModelEngine] [A] Unknown MythicMobs script: MEGAWARDEN_leftswipe_totem
[19:42:38] [Craft Scheduler Thread - 116 - ModelEngine/WARN]: [ModelEngine] [A] Unknown MythicMobs script: MEGAWARDEN_leftswipe_totem
[19:42:38] [Craft Scheduler Thread - 126 - ModelEngine/WARN]: [ModelEngine] [A] Unknown MythicMobs script: MEGAWARDEN_rightswipe_totem
[19:42:38] [Craft Scheduler Thread - 126 - ModelEngine/WARN]: [ModelEngine] [A] Unknown MythicMobs script: MEGAWARDEN_rightswipe_totem
[19:42:38] [Craft Scheduler Thread - 98 - ModelEngine/WARN]: [ModelEngine] [A] Unknown MythicMobs script: MEGAWARDEN_rightswipe_totem
[19:42:38] [Craft Scheduler Thread - 116 - ModelEngine/WARN]: [ModelEngine] [A] Unknown MythicMobs script: MEGAWARDEN_rightswipe_totem
[19:42:38] [Craft Scheduler Thread - 98 - ModelEngine/WARN]: [ModelEngine] [A] Unknown MythicMobs script: MEGAWARDEN_rightswipe_totem
[19:42:38] [Craft Scheduler Thread - 98 - ModelEngine/WARN]: [ModelEngine] [A] Unknown MythicMobs script: MEGAWARDEN_rightswipe_totem
[19:42:38] [Craft Scheduler Thread - 39 - ModelEngine/WARN]: [ModelEngine] [A] Unknown MythicMobs script: MEGAWARDEN_rightswipe_totem
[19:42:38] [Craft Scheduler Thread - 39 - ModelEngine/WARN]: [ModelEngine] [A] Unknown MythicMobs script: MEGAWARDEN_rightswipe_totem
[19:42:38] [Craft Scheduler Thread - 129 - ModelEngine/WARN]: [ModelEngine] [A] Unknown MythicMobs script: MEGAWARDEN_rightswipe_totem
[19:42:39] [Craft Scheduler Thread - 121 - ModelEngine/WARN]: [ModelEngine] [A] Unknown MythicMobs script: MEGAWARDEN_leftswipe_totem
[19:42:39] [Craft Scheduler Thread - 127 - ModelEngine/WARN]: [ModelEngine] [A] Unknown MythicMobs script: MEGAWARDEN_leftswipe_totem
[19:42:39] [Craft Scheduler Thread - 127 - ModelEngine/WARN]: [ModelEngine] [A] Unknown MythicMobs script: MEGAWARDEN_leftswipe_totem
[19:42:39] [Craft Scheduler Thread - 116 - ModelEngine/WARN]: [ModelEngine] [A] Unknown MythicMobs script: MEGAWARDEN_leftswipe_totem
[19:42:39] [Craft Scheduler Thread - 113 - ModelEngine/WARN]: [ModelEngine] [A] Unknown MythicMobs script: MEGAWARDEN_leftswipe_totem
[19:42:39] [Craft Scheduler Thread - 71 - ModelEngine/WARN]: [ModelEngine] [A] Unknown MythicMobs script: MEGAWARDEN_leftswipe_totem
[19:42:39] [Craft Scheduler Thread - 120 - ModelEngine/WARN]: [ModelEngine] [A] Unknown MythicMobs script: MEGAWARDEN_leftswipe_totem
[19:42:39] [Craft Scheduler Thread - 117 - ModelEngine/WARN]: [ModelEngine] [A] Unknown MythicMobs script: MEGAWARDEN_leftswipe_totem
[19:42:39] [Craft Scheduler Thread - 130 - ModelEngine/WARN]: [ModelEngine] [A] Unknown MythicMobs script: MEGAWARDEN_rightswipe_totem
[19:42:39] [Craft Scheduler Thread - 130 - ModelEngine/WARN]: [ModelEngine] [A] Unknown MythicMobs script: MEGAWARDEN_rightswipe_totem
[19:42:40] [Craft Scheduler Thread - 118 - ModelEngine/WARN]: [ModelEngine] [A] Unknown MythicMobs script: MEGAWARDEN_rightswipe_totem
[19:42:40] [Craft Scheduler Thread - 80 - ModelEngine/WARN]: [ModelEngine] [A] Unknown MythicMobs script: MEGAWARDEN_rightswipe_totem
[19:42:40] [Craft Scheduler Thread - 123 - ModelEngine/WARN]: [ModelEngine] [A] Unknown MythicMobs script: MEGAWARDEN_rightswipe_totem
[19:42:40] [Craft Scheduler Thread - 117 - ModelEngine/WARN]: [ModelEngine] [A] Unknown MythicMobs script: MEGAWARDEN_rightswipe_totem
[19:42:40] [Craft Scheduler Thread - 123 - ModelEngine/WARN]: [ModelEngine] [A] Unknown MythicMobs script: MEGAWARDEN_rightswipe_totem
[19:42:40] [Craft Scheduler Thread - 123 - ModelEngine/WARN]: [ModelEngine] [A] Unknown MythicMobs script: MEGAWARDEN_rightswipe_totem
[19:42:40] [Craft Scheduler Thread - 126 - ModelEngine/WARN]: [ModelEngine] [A] Unknown MythicMobs script: MEGAWARDEN_rightswipe_totem
[19:42:41] [Craft Scheduler Thread - 121 - ModelEngine/WARN]: [ModelEngine] [A] Unknown MythicMobs script: MEGAWARDEN_leftswipe_totem
[19:42:41] [Craft Scheduler Thread - 116 - ModelEngine/WARN]: [ModelEngine] [A] Unknown MythicMobs script: MEGAWARDEN_leftswipe_totem
[19:42:41] [Craft Scheduler Thread - 116 - ModelEngine/WARN]: [ModelEngine] [A] Unknown MythicMobs script: MEGAWARDEN_leftswipe_totem
[19:42:41] [Craft Scheduler Thread - 98 - ModelEngine/WARN]: [ModelEngine] [A] Unknown MythicMobs script: MEGAWARDEN_leftswipe_totem
[19:42:41] [Craft Scheduler Thread - 126 - ModelEngine/WARN]: [ModelEngine] [A] Unknown MythicMobs script: MEGAWARDEN_leftswipe_totem
[19:42:41] [Craft Scheduler Thread - 117 - ModelEngine/WARN]: [ModelEngine] [A] Unknown MythicMobs script: MEGAWARDEN_leftswipe_totem
[19:42:41] [Craft Scheduler Thread - 130 - ModelEngine/WARN]: [ModelEngine] [A] Unknown MythicMobs script: MEGAWARDEN_rightswipe_totem
[19:42:41] [Craft Scheduler Thread - 130 - ModelEngine/WARN]: [ModelEngine] [A] Unknown MythicMobs script: MEGAWARDEN_rightswipe_totem
[19:42:41] [Craft Scheduler Thread - 129 - ModelEngine/WARN]: [ModelEngine] [A] Unknown MythicMobs script: MEGAWARDEN_rightswipe_totem
[19:42:41] [Craft Scheduler Thread - 98 - ModelEngine/WARN]: [ModelEngine] [A] Unknown MythicMobs script: MEGAWARDEN_rightswipe_totem
[19:42:41] [Craft Scheduler Thread - 126 - ModelEngine/WARN]: [ModelEngine] [A] Unknown MythicMobs script: MEGAWARDEN_rightswipe_totem
[19:42:41] [Craft Scheduler Thread - 39 - ModelEngine/WARN]: [ModelEngine] [A] Unknown MythicMobs script: MEGAWARDEN_rightswipe_totem
[19:42:42] [Craft Scheduler Thread - 98 - ModelEngine/WARN]: [ModelEngine] [A] Unknown MythicMobs script: MEGAWARDEN_rightswipe_totem
[19:42:42] [Craft Scheduler Thread - 98 - ModelEngine/WARN]: [ModelEngine] [A] Unknown MythicMobs script: MEGAWARDEN_rightswipe_totem
[19:42:42] [Craft Scheduler Thread - 116 - ModelEngine/WARN]: [ModelEngine] [A] Unknown MythicMobs script: MEGAWARDEN_rightswipe_totem
[19:42:42] [Craft Scheduler Thread - 128 - ModelEngine/WARN]: [ModelEngine] [A] Unknown MythicMobs script: MEGAWARDEN_leftswipe_totem
[19:42:42] [Craft Scheduler Thread - 120 - ModelEngine/WARN]: [ModelEngine] [A] Unknown MythicMobs script: MEGAWARDEN_leftswipe_totem
[19:42:42] [Craft Scheduler Thread - 120 - ModelEngine/WARN]: [ModelEngine] [A] Unknown MythicMobs script: MEGAWARDEN_leftswipe_totem
[19:42:42] [Craft Scheduler Thread - 120 - ModelEngine/WARN]: [ModelEngine] [A] Unknown MythicMobs script: MEGAWARDEN_leftswipe_totem
[19:42:42] [Craft Scheduler Thread - 113 - ModelEngine/WARN]: [ModelEngine] [A] Unknown MythicMobs script: MEGAWARDEN_leftswipe_totem
[19:42:42] [Craft Scheduler Thread - 71 - ModelEngine/WARN]: [ModelEngine] [A] Unknown MythicMobs script: MEGAWARDEN_leftswipe_totem
[19:42:42] [Craft Scheduler Thread - 121 - ModelEngine/WARN]: [ModelEngine] [A] Unknown MythicMobs script: MEGAWARDEN_leftswipe_totem
[19:42:42] [Craft Scheduler Thread - 116 - ModelEngine/WARN]: [ModelEngine] [A] Unknown MythicMobs script: MEGAWARDEN_leftswipe_totem
[19:42:43] [Craft Scheduler Thread - 117 - ModelEngine/WARN]: [ModelEngine] [A] Unknown MythicMobs script: MEGAWARDEN_rightswipe_totem
[19:42:43] [Craft Scheduler Thread - 117 - ModelEngine/WARN]: [ModelEngine] [A] Unknown MythicMobs script: MEGAWARDEN_rightswipe_totem
[19:42:43] [Craft Scheduler Thread - 129 - ModelEngine/WARN]: [ModelEngine] [A] Unknown MythicMobs script: MEGAWARDEN_rightswipe_totem
[19:42:43] [Craft Scheduler Thread - 123 - ModelEngine/WARN]: [ModelEngine] [A] Unknown MythicMobs script: MEGAWARDEN_rightswipe_totem
[19:42:43] [Craft Scheduler Thread - 84 - ModelEngine/WARN]: [ModelEngine] [A] Unknown MythicMobs script: MEGAWARDEN_rightswipe_totem
[19:42:43] [Craft Scheduler Thread - 39 - ModelEngine/WARN]: [ModelEngine] [A] Unknown MythicMobs script: MEGAWARDEN_rightswipe_totem
[19:42:43] [Craft Scheduler Thread - 71 - ModelEngine/WARN]: [ModelEngine] [A] Unknown MythicMobs script: MEGAWARDEN_rightswipe_totem
[19:42:43] [Craft Scheduler Thread - 71 - ModelEngine/WARN]: [ModelEngine] [A] Unknown MythicMobs script: MEGAWARDEN_rightswipe_totem
[19:42:43] [Craft Scheduler Thread - 118 - ModelEngine/WARN]: [ModelEngine] [A] Unknown MythicMobs script: MEGAWARDEN_rightswipe_totem
[19:42:43] [Craft Scheduler Thread - 128 - ModelEngine/WARN]: [ModelEngine] [A] Unknown MythicMobs script: MEGAWARDEN_leftswipe_totem
[19:42:43] [Craft Scheduler Thread - 71 - ModelEngine/WARN]: [ModelEngine] [A] Unknown MythicMobs script: MEGAWARDEN_leftswipe_totem
[19:42:43] [Craft Scheduler Thread - 71 - ModelEngine/WARN]: [ModelEngine] [A] Unknown MythicMobs script: MEGAWARDEN_leftswipe_totem
[19:42:43] [Craft Scheduler Thread - 115 - ModelEngine/WARN]: [ModelEngine] [A] Unknown MythicMobs script: MEGAWARDEN_leftswipe_totem
[19:42:43] [Craft Scheduler Thread - 121 - ModelEngine/WARN]: [ModelEngine] [A] Unknown MythicMobs script: MEGAWARDEN_leftswipe_totem
[19:42:43] [Craft Scheduler Thread - 130 - ModelEngine/WARN]: [ModelEngine] [A] Unknown MythicMobs script: MEGAWARDEN_leftswipe_totem
[19:42:43] [Craft Scheduler Thread - 80 - ModelEngine/WARN]: [ModelEngine] [A] Unknown MythicMobs script: MEGAWARDEN_leftswipe_totem
[19:42:43] [Craft Scheduler Thread - 130 - ModelEngine/WARN]: [ModelEngine] [A] Unknown MythicMobs script: MEGAWARDEN_leftswipe_totem
[19:42:44] [Craft Scheduler Thread - 121 - ModelEngine/WARN]: [ModelEngine] [A] Unknown MythicMobs script: MEGAWARDEN_rightswipe_totem
[19:42:44] [Craft Scheduler Thread - 121 - ModelEngine/WARN]: [ModelEngine] [A] Unknown MythicMobs script: MEGAWARDEN_rightswipe_totem
[19:42:44] [Craft Scheduler Thread - 39 - ModelEngine/WARN]: [ModelEngine] [A] Unknown MythicMobs script: MEGAWARDEN_rightswipe_totem
[19:42:44] [Craft Scheduler Thread - 39 - ModelEngine/WARN]: [ModelEngine] [A] Unknown MythicMobs script: MEGAWARDEN_rightswipe_totem
[19:42:44] [Craft Scheduler Thread - 80 - ModelEngine/WARN]: [ModelEngine] [A] Unknown MythicMobs script: MEGAWARDEN_rightswipe_totem
[19:42:44] [Craft Scheduler Thread - 128 - ModelEngine/WARN]: [ModelEngine] [A] Unknown MythicMobs script: MEGAWARDEN_rightswipe_totem
[19:42:44] [Craft Scheduler Thread - 39 - ModelEngine/WARN]: [ModelEngine] [A] Unknown MythicMobs script: MEGAWARDEN_rightswipe_totem
[19:42:44] [Craft Scheduler Thread - 39 - ModelEngine/WARN]: [ModelEngine] [A] Unknown MythicMobs script: MEGAWARDEN_rightswipe_totem
[19:42:44] [Craft Scheduler Thread - 39 - ModelEngine/WARN]: [ModelEngine] [A] Unknown MythicMobs script: MEGAWARDEN_rightswipe_totem
[19:42:44] [Craft Scheduler Thread - 84 - ModelEngine/WARN]: [ModelEngine] [A] Unknown MythicMobs script: MEGAWARDEN_leftswipe_totem
[19:42:45] [Craft Scheduler Thread - 84 - ModelEngine/WARN]: [ModelEngine] [A] Unknown MythicMobs script: MEGAWARDEN_leftswipe_totem
[19:42:45] [Craft Scheduler Thread - 84 - ModelEngine/WARN]: [ModelEngine] [A] Unknown MythicMobs script: MEGAWARDEN_leftswipe_totem
[19:42:45] [Craft Scheduler Thread - 71 - ModelEngine/WARN]: [ModelEngine] [A] Unknown MythicMobs script: MEGAWARDEN_leftswipe_totem
[19:42:45] [Craft Scheduler Thread - 115 - ModelEngine/WARN]: [ModelEngine] [A] Unknown MythicMobs script: MEGAWARDEN_leftswipe_totem
[19:42:45] [Craft Scheduler Thread - 80 - ModelEngine/WARN]: [ModelEngine] [A] Unknown MythicMobs script: MEGAWARDEN_leftswipe_totem
[19:42:45] [Craft Scheduler Thread - 80 - ModelEngine/WARN]: [ModelEngine] [A] Unknown MythicMobs script: MEGAWARDEN_leftswipe_totem
[19:42:45] [Craft Scheduler Thread - 120 - ModelEngine/WARN]: [ModelEngine] [A] Unknown MythicMobs script: MEGAWARDEN_leftswipe_totem
[19:42:56] [Craft Scheduler Thread - 110 - ModelEngine/WARN]: [ModelEngine] [A] Unknown MythicMobs script: MEGAWARDEN_leftswipe_totem
[19:42:56] [Craft Scheduler Thread - 130 - ModelEngine/WARN]: [ModelEngine] [A] Unknown MythicMobs script: MEGAWARDEN_leftswipe_totem
[19:42:56] [Craft Scheduler Thread - 130 - ModelEngine/WARN]: [ModelEngine] [A] Unknown MythicMobs script: MEGAWARDEN_leftswipe_totem
[19:42:56] [Craft Scheduler Thread - 126 - ModelEngine/WARN]: [ModelEngine] [A] Unknown MythicMobs script: MEGAWARDEN_leftswipe_totem
[19:42:56] [Craft Scheduler Thread - 123 - ModelEngine/WARN]: [ModelEngine] [A] Unknown MythicMobs script: MEGAWARDEN_leftswipe_totem
[19:42:56] [Craft Scheduler Thread - 123 - ModelEngine/WARN]: [ModelEngine] [A] Unknown MythicMobs script: MEGAWARDEN_leftswipe_totem
[19:42:57] [Craft Scheduler Thread - 98 - ModelEngine/WARN]: [ModelEngine] [A] Unknown MythicMobs script: MEGAWARDEN_leftswipe_totem
[19:42:57] [Craft Scheduler Thread - 120 - ModelEngine/WARN]: [ModelEngine] [A] Unknown MythicMobs script: MEGAWARDEN_rightswipe_totem
[19:42:57] [Craft Scheduler Thread - 120 - ModelEngine/WARN]: [ModelEngine] [A] Unknown MythicMobs script: MEGAWARDEN_rightswipe_totem
[19:42:57] [Craft Scheduler Thread - 123 - ModelEngine/WARN]: [ModelEngine] [A] Unknown MythicMobs script: MEGAWARDEN_rightswipe_totem
[19:42:57] [Craft Scheduler Thread - 123 - ModelEngine/WARN]: [ModelEngine] [A] Unknown MythicMobs script: MEGAWARDEN_rightswipe_totem
[19:42:57] [Craft Scheduler Thread - 130 - ModelEngine/WARN]: [ModelEngine] [A] Unknown MythicMobs script: MEGAWARDEN_rightswipe_totem
[19:42:57] [Craft Scheduler Thread - 113 - ModelEngine/WARN]: [ModelEngine] [A] Unknown MythicMobs script: MEGAWARDEN_rightswipe_totem
[19:42:57] [Craft Scheduler Thread - 80 - ModelEngine/WARN]: [ModelEngine] [A] Unknown MythicMobs script: MEGAWARDEN_rightswipe_totem
[19:42:57] [Craft Scheduler Thread - 80 - ModelEngine/WARN]: [ModelEngine] [A] Unknown MythicMobs script: MEGAWARDEN_rightswipe_totem
[19:42:57] [Craft Scheduler Thread - 127 - ModelEngine/WARN]: [ModelEngine] [A] Unknown MythicMobs script: MEGAWARDEN_rightswipe_totem
[19:42:58] [Craft Scheduler Thread - 129 - ModelEngine/WARN]: [ModelEngine] [A] Unknown MythicMobs script: MEGAWARDEN_leftswipe_totem
[19:42:58] [Craft Scheduler Thread - 80 - ModelEngine/WARN]: [ModelEngine] [A] Unknown MythicMobs script: MEGAWARDEN_leftswipe_totem
[19:42:58] [Craft Scheduler Thread - 80 - ModelEngine/WARN]: [ModelEngine] [A] Unknown MythicMobs script: MEGAWARDEN_leftswipe_totem
[19:42:58] [Craft Scheduler Thread - 120 - ModelEngine/WARN]: [ModelEngine] [A] Unknown MythicMobs script: MEGAWARDEN_leftswipe_totem
[19:42:59] [Craft Scheduler Thread - 71 - ModelEngine/WARN]: [ModelEngine] [A] Unknown MythicMobs script: MEGAWARDEN_leftswipe_totem
[19:42:59] [Craft Scheduler Thread - 120 - ModelEngine/WARN]: [ModelEngine] [A] Unknown MythicMobs script: MEGAWARDEN_leftswipe_totem
[19:42:59] [Craft Scheduler Thread - 71 - ModelEngine/WARN]: [ModelEngine] [A] Unknown MythicMobs script: MEGAWARDEN_leftswipe_totem
[19:42:59] [Craft Scheduler Thread - 128 - ModelEngine/WARN]: [ModelEngine] [A] Unknown MythicMobs script: MEGAWARDEN_leftswipe_totem
[19:42:59] [Craft Scheduler Thread - 128 - ModelEngine/WARN]: [ModelEngine] [A] Unknown MythicMobs script: MEGAWARDEN_leftswipe_totem
[19:42:59] [Craft Scheduler Thread - 130 - ModelEngine/WARN]: [ModelEngine] [A] Unknown MythicMobs script: MEGAWARDEN_leftswipe_totem
[19:42:59] [Craft Scheduler Thread - 130 - ModelEngine/WARN]: [ModelEngine] [A] Unknown MythicMobs script: MEGAWARDEN_leftswipe_totem
[19:42:59] [Craft Scheduler Thread - 130 - ModelEngine/WARN]: [ModelEngine] [A] Unknown MythicMobs script: MEGAWARDEN_leftswipe_totem
[19:42:59] [Craft Scheduler Thread - 120 - ModelEngine/WARN]: [ModelEngine] [A] Unknown MythicMobs script: MEGAWARDEN_leftswipe_totem
[19:43:00] [Craft Scheduler Thread - 130 - ModelEngine/WARN]: [ModelEngine] [A] Unknown MythicMobs script: MEGAWARDEN_leftswipe_totem
[19:43:00] [Craft Scheduler Thread - 123 - ModelEngine/WARN]: [ModelEngine] [A] Unknown MythicMobs script: MEGAWARDEN_leftswipe_totem
[19:43:00] [Craft Scheduler Thread - 110 - ModelEngine/WARN]: [ModelEngine] [A] Unknown MythicMobs script: MEGAWARDEN_leftswipe_totem
[19:43:00] [Craft Scheduler Thread - 39 - ModelEngine/WARN]: [ModelEngine] [A] Unknown MythicMobs script: MEGAWARDEN_rightswipe_totem
[19:43:00] [Craft Scheduler Thread - 39 - ModelEngine/WARN]: [ModelEngine] [A] Unknown MythicMobs script: MEGAWARDEN_rightswipe_totem
[19:43:00] [Craft Scheduler Thread - 128 - ModelEngine/WARN]: [ModelEngine] [A] Unknown MythicMobs script: MEGAWARDEN_rightswipe_totem
[19:43:00] [Craft Scheduler Thread - 71 - ModelEngine/WARN]: [ModelEngine] [A] Unknown MythicMobs script: MEGAWARDEN_rightswipe_totem
[19:43:00] [Craft Scheduler Thread - 129 - ModelEngine/WARN]: [ModelEngine] [A] Unknown MythicMobs script: MEGAWARDEN_rightswipe_totem
[19:43:00] [Craft Scheduler Thread - 71 - ModelEngine/WARN]: [ModelEngine] [A] Unknown MythicMobs script: MEGAWARDEN_rightswipe_totem
[19:43:00] [Craft Scheduler Thread - 110 - ModelEngine/WARN]: [ModelEngine] [A] Unknown MythicMobs script: MEGAWARDEN_rightswipe_totem
[19:43:00] [Craft Scheduler Thread - 110 - ModelEngine/WARN]: [ModelEngine] [A] Unknown MythicMobs script: MEGAWARDEN_rightswipe_totem
[19:43:00] [Craft Scheduler Thread - 128 - ModelEngine/WARN]: [ModelEngine] [A] Unknown MythicMobs script: MEGAWARDEN_rightswipe_totem
[19:43:00] [Craft Scheduler Thread - 115 - ModelEngine/WARN]: [ModelEngine] [A] Unknown MythicMobs script: MEGAWARDEN_leftswipe_totem
[19:43:01] [Craft Scheduler Thread - 127 - ModelEngine/WARN]: [ModelEngine] [A] Unknown MythicMobs script: MEGAWARDEN_leftswipe_totem
[19:43:01] [Craft Scheduler Thread - 127 - ModelEngine/WARN]: [ModelEngine] [A] Unknown MythicMobs script: MEGAWARDEN_leftswipe_totem
[19:43:01] [Craft Scheduler Thread - 127 - ModelEngine/WARN]: [ModelEngine] [A] Unknown MythicMobs script: MEGAWARDEN_leftswipe_totem
[19:43:01] [Craft Scheduler Thread - 117 - ModelEngine/WARN]: [ModelEngine] [A] Unknown MythicMobs script: MEGAWARDEN_leftswipe_totem
[19:43:01] [Craft Scheduler Thread - 110 - ModelEngine/WARN]: [ModelEngine] [A] Unknown MythicMobs script: MEGAWARDEN_leftswipe_totem
[19:43:01] [Craft Scheduler Thread - 120 - ModelEngine/WARN]: [ModelEngine] [A] Unknown MythicMobs script: MEGAWARDEN_leftswipe_totem
[19:43:01] [Craft Scheduler Thread - 130 - ModelEngine/WARN]: [ModelEngine] [A] Unknown MythicMobs script: MEGAWARDEN_leftswipe_totem
[19:43:01] [Craft Scheduler Thread - 128 - ModelEngine/WARN]: [ModelEngine] [A] Unknown MythicMobs script: MEGAWARDEN_rightswipe_totem
[19:43:01] [Craft Scheduler Thread - 128 - ModelEngine/WARN]: [ModelEngine] [A] Unknown MythicMobs script: MEGAWARDEN_rightswipe_totem
[19:43:01] [Craft Scheduler Thread - 121 - ModelEngine/WARN]: [ModelEngine] [A] Unknown MythicMobs script: MEGAWARDEN_rightswipe_totem
[19:43:01] [Craft Scheduler Thread - 84 - ModelEngine/WARN]: [ModelEngine] [A] Unknown MythicMobs script: MEGAWARDEN_rightswipe_totem
[19:43:01] [Craft Scheduler Thread - 115 - ModelEngine/WARN]: [ModelEngine] [A] Unknown MythicMobs script: MEGAWARDEN_rightswipe_totem
[19:43:01] [Craft Scheduler Thread - 110 - ModelEngine/WARN]: [ModelEngine] [A] Unknown MythicMobs script: MEGAWARDEN_rightswipe_totem
[19:43:01] [Craft Scheduler Thread - 126 - ModelEngine/WARN]: [ModelEngine] [A] Unknown MythicMobs script: MEGAWARDEN_rightswipe_totem
[19:43:01] [Craft Scheduler Thread - 126 - ModelEngine/WARN]: [ModelEngine] [A] Unknown MythicMobs script: MEGAWARDEN_rightswipe_totem
[19:43:01] [Craft Scheduler Thread - 129 - ModelEngine/WARN]: [ModelEngine] [A] Unknown MythicMobs script: MEGAWARDEN_rightswipe_totem
[19:43:02] [Craft Scheduler Thread - 118 - ModelEngine/WARN]: [ModelEngine] [A] Unknown MythicMobs script: MEGAWARDEN_leftswipe_totem
[19:43:02] [Craft Scheduler Thread - 118 - ModelEngine/WARN]: [ModelEngine] [A] Unknown MythicMobs script: MEGAWARDEN_leftswipe_totem
[19:43:02] [Craft Scheduler Thread - 118 - ModelEngine/WARN]: [ModelEngine] [A] Unknown MythicMobs script: MEGAWARDEN_leftswipe_totem
[19:43:02] [Craft Scheduler Thread - 71 - ModelEngine/WARN]: [ModelEngine] [A] Unknown MythicMobs script: MEGAWARDEN_leftswipe_totem
[19:43:02] [Craft Scheduler Thread - 126 - ModelEngine/WARN]: [ModelEngine] [A] Unknown MythicMobs script: MEGAWARDEN_leftswipe_totem
[19:43:02] [Craft Scheduler Thread - 129 - ModelEngine/WARN]: [ModelEngine] [A] Unknown MythicMobs script: MEGAWARDEN_leftswipe_totem
[19:43:02] [Craft Scheduler Thread - 120 - ModelEngine/WARN]: [ModelEngine] [A] Unknown MythicMobs script: MEGAWARDEN_leftswipe_totem
[19:43:02] [Craft Scheduler Thread - 128 - ModelEngine/WARN]: [ModelEngine] [A] Unknown MythicMobs script: MEGAWARDEN_leftswipe_totem
[19:43:02] [Craft Scheduler Thread - 130 - ModelEngine/WARN]: [ModelEngine] [A] Unknown MythicMobs script: MEGAWARDEN_rightswipe_totem
[19:43:02] [Craft Scheduler Thread - 130 - ModelEngine/WARN]: [ModelEngine] [A] Unknown MythicMobs script: MEGAWARDEN_rightswipe_totem
[19:43:03] [Craft Scheduler Thread - 123 - ModelEngine/WARN]: [ModelEngine] [A] Unknown MythicMobs script: MEGAWARDEN_rightswipe_totem
[19:43:03] [Craft Scheduler Thread - 130 - ModelEngine/WARN]: [ModelEngine] [A] Unknown MythicMobs script: MEGAWARDEN_rightswipe_totem
[19:43:03] [Craft Scheduler Thread - 123 - ModelEngine/WARN]: [ModelEngine] [A] Unknown MythicMobs script: MEGAWARDEN_rightswipe_totem
[19:43:03] [Craft Scheduler Thread - 39 - ModelEngine/WARN]: [ModelEngine] [A] Unknown MythicMobs script: MEGAWARDEN_rightswipe_totem
[19:43:03] [Craft Scheduler Thread - 80 - ModelEngine/WARN]: [ModelEngine] [A] Unknown MythicMobs script: MEGAWARDEN_rightswipe_totem
[19:43:03] [Craft Scheduler Thread - 80 - ModelEngine/WARN]: [ModelEngine] [A] Unknown MythicMobs script: MEGAWARDEN_rightswipe_totem
[19:43:03] [Craft Scheduler Thread - 84 - ModelEngine/WARN]: [ModelEngine] [A] Unknown MythicMobs script: MEGAWARDEN_rightswipe_totem
[19:43:03] [Craft Scheduler Thread - 126 - ModelEngine/WARN]: [ModelEngine] [A] Unknown MythicMobs script: MEGAWARDEN_leftswipe_totem
[19:43:03] [Craft Scheduler Thread - 110 - ModelEngine/WARN]: [ModelEngine] [A] Unknown MythicMobs script: MEGAWARDEN_leftswipe_totem
[19:43:03] [Craft Scheduler Thread - 110 - ModelEngine/WARN]: [ModelEngine] [A] Unknown MythicMobs script: MEGAWARDEN_leftswipe_totem
[19:43:03] [Craft Scheduler Thread - 123 - ModelEngine/WARN]: [ModelEngine] [A] Unknown MythicMobs script: MEGAWARDEN_leftswipe_totem
[19:43:03] [Craft Scheduler Thread - 80 - ModelEngine/WARN]: [ModelEngine] [A] Unknown MythicMobs script: MEGAWARDEN_leftswipe_totem
[19:43:03] [Craft Scheduler Thread - 84 - ModelEngine/WARN]: [ModelEngine] [A] Unknown MythicMobs script: MEGAWARDEN_leftswipe_totem
[19:43:03] [Craft Scheduler Thread - 118 - ModelEngine/WARN]: [ModelEngine] [A] Unknown MythicMobs script: MEGAWARDEN_leftswipe_totem
[19:43:03] [Craft Scheduler Thread - 118 - ModelEngine/WARN]: [ModelEngine] [A] Unknown MythicMobs script: MEGAWARDEN_leftswipe_totem
[19:43:05] [Craft Scheduler Thread - 113 - ModelEngine/WARN]: [ModelEngine] [A] Unknown MythicMobs script: MEGAWARDEN_leftswipe_totem
[19:43:05] [Craft Scheduler Thread - 121 - ModelEngine/WARN]: [ModelEngine] [A] Unknown MythicMobs script: MEGAWARDEN_leftswipe_totem
[19:43:05] [Craft Scheduler Thread - 121 - ModelEngine/WARN]: [ModelEngine] [A] Unknown MythicMobs script: MEGAWARDEN_leftswipe_totem
[19:43:05] [Craft Scheduler Thread - 71 - ModelEngine/WARN]: [ModelEngine] [A] Unknown MythicMobs script: MEGAWARDEN_leftswipe_totem
[19:43:05] [Server thread/INFO]: Named entity IronGolem['THE TRUE WARDEN'/105057, uuid='64c9cfd6-c163-4f9b-9cd8-9152aad8bdde', l='ServerLevel[world]', x=123.44, y=109.25, z=-65.30, cpos=[7, -5], tl=2558, v=true] died: THE TRUE WARDEN was slain by infernaldeath6 using [Frozen Sword]
[19:43:16] [Async Chat Thread - #6/INFO]: [Not Secure] [24] 〘Mdinqt〙 ➤ bien ahi
[19:43:28] [Server thread/INFO]: Mdinqt issued server command: /tp infernaldeath6 Mdinqt
[19:43:31] [Server thread/INFO]: Mdinqt issued server command: /tp infernaldeath6 Mdinqt
[19:43:35] [Server thread/INFO]: Named entity Husk['Shadow Spider'/116264, uuid='4cb91866-ffb6-40b9-91f2-44d62d0abb74', l='ServerLevel[world]', x=46.03, y=19.00, z=-48.39, cpos=[2, -4], tl=302, v=true] died: Shadow Spider suffocated in a wall
[19:43:40] [Async Chat Thread - #7/INFO]: [Not Secure] [24] 〘Mdinqt〙 ➤ una mas con otro boss?
[19:43:40] [Server thread/INFO]: [ConditionalEvents] Event DormirSancion enabled.
[19:43:40] [Server thread/INFO]: [ConditionalEvents] Event dormir_fin enabled.
[19:43:46] [Async Chat Thread - #7/INFO]: [Not Secure] [0] 〘infernaldeath6〙 ➤ ya
[19:43:53] [Async Chat Thread - #7/INFO]: [Not Secure] [0] 〘infernaldeath6〙 ➤ uno dificil
[19:44:00] [Async Chat Thread - #7/INFO]: [Not Secure] [24] 〘Mdinqt〙 ➤ ese era el dificil
[19:44:01] [Async Chat Thread - #7/INFO]: [Not Secure] [24] 〘Mdinqt〙 ➤ pero boe
[19:44:02] [Async Chat Thread - #7/INFO]: [Not Secure] [24] 〘Mdinqt〙 ➤ va
[19:44:06] [Server thread/INFO]: Mdinqt issued server command: /mm mobs s ezekiel
[19:44:10] [Server thread/INFO]: Mdinqt issued server command: /gm 1
[19:44:10] [Server thread/INFO]: Mdinqt issued mycmd (gamemode_alias) command /gm 1
[19:44:10] [Server thread/INFO]: Mdinqt issued server command: /gamemode 1
[19:44:12] [Server thread/INFO]: Mdinqt issued server command: /gm 3
[19:44:12] [Server thread/INFO]: Mdinqt issued mycmd (gamemode_alias) command /gm 3
[19:44:12] [Server thread/INFO]: Mdinqt issued server command: /gamemode 3
[19:44:19] [Async Chat Thread - #7/INFO]: [Not Secure] [0] 〘infernaldeath6〙 ➤ me asuste
[19:44:22] [Async Chat Thread - #7/INFO]: [Not Secure] [24] 〘Mdinqt〙 ➤ XD
[19:48:15] [Server thread/INFO]: Named entity IronGolem['Ezekiel'/116979, uuid='3797c395-5fe5-4cbb-9f23-867a4f091110', l='ServerLevel[world]', x=131.07, y=109.00, z=-116.86, cpos=[8, -8], tl=4993, v=true] died: Ezekiel was slain by infernaldeath6 using [Frozen Sword]
[19:48:16] [Async Chat Thread - #8/INFO]: [Not Secure] [24] 〘Mdinqt〙 ➤ te sales al terminar
[19:48:17] [Async Chat Thread - #8/INFO]: [Not Secure] [24] 〘Mdinqt〙 ➤ xfa
[19:48:35] [Server thread/INFO]: Mdinqt issued server command: /kick infernaldeath6 byeee por dm hablamos en unos minutos
[19:48:35] [Server thread/INFO]: infernaldeath6 lost connection: byeee por dm hablamos en unos minutos
[19:48:35] [Server thread/INFO]: [Essentials] Player Mdinqt kicked infernaldeath6 for byeee por dm hablamos en unos minutos.
[19:48:41] [Server thread/INFO]: Mdinqt lost connection: Disconnected
[19:48:46] [Server thread/INFO]: Stopping the server
[19:48:46] [Server thread/INFO]: Stopping server
[19:48:46] [Server thread/INFO]: [LoneLibs] Disabling LoneLibs v1.0.63
[19:48:46] [Server thread/INFO]: [Jobs] Disabling Jobs v5.2.4.5
[19:48:46] [Server thread/INFO]: ------------- Jobs -------------
[19:48:46] [Server thread/INFO]: Cleared boss bar cache
[19:48:46] [Server thread/INFO]: Saved player data
[19:48:46] [Jobs-DatabaseSaveTask/INFO]: Database save task shutdown!
[19:48:46] [Server thread/INFO]: Closed database connection
[19:48:46] [Server thread/INFO]: ------------------------------------
[19:48:46] [Jobs-BufferedPaymentThread/INFO]: Buffered payment thread shutdown.
[19:48:46] [Server thread/INFO]: [nAntiBot] Disabling nAntiBot v2.0.5
[19:48:46] [Server thread/INFO]: [nAntiBot] Successful plugin core shutdown (took 0.00s)
[19:48:46] [Server thread/INFO]: [nAntiBot] Disconnecting from remote server...
[19:48:48] [Server thread/INFO]: [SepareWorldItems] Disabling SepareWorldItems v1.2.21
[19:48:48] [Server thread/INFO]: ------------------------------------
[19:48:48] [Server thread/INFO]:  OFF SepareWorldItems 1.2.21
[19:48:48] [Server thread/INFO]:  
[19:48:48] [Server thread/INFO]:  Thanks for using SepareWorldItems :D
[19:48:48] [Server thread/INFO]:  Created By: Happyuky7
[19:48:48] [Server thread/INFO]:  
[19:48:48] [Server thread/INFO]:  Version Server: 1.21.1-57-b483da4 (MC: 1.21.1)
[19:48:48] [Server thread/INFO]:  
[19:48:48] [Server thread/INFO]:  Discord: https://discord.gg/3EebYUyeUX
[19:48:48] [Server thread/INFO]:  GitHub: https://github.com/Happyuky7/SEPARE-WORLD-ITEMS
[19:48:48] [Server thread/INFO]: ------------------------------------
[19:48:48] [Server thread/INFO]: [AnimatedScoreboard] Disabling AnimatedScoreboard v0.3.5
[19:48:48] [Server thread/INFO]: [PvPManager] Disabling PvPManager v4.0.7
[19:48:48] [Server thread/INFO]: [PvPManager] Saving player data to storage...
[19:48:48] [Server thread/INFO]: [WorldGuard] Unregistering session handler me.chancesd.pvpmanager.integration.hook.worldguard.WorldGuardFlagHandler
[19:48:48] [Server thread/INFO]: [PvPManager] Closed SQLITE storage
[19:48:48] [Server thread/INFO]: [ConditionalEvents] Disabling ConditionalEvents v4.57.5
[19:48:48] [Server thread/INFO]: [ConditionalEvents] Has been disabled! Version: 4.57.5
[19:48:48] [Server thread/INFO]: [ChatManager] Disabling ChatManager v4.0.2
[19:48:48] [Server thread/INFO]: [EconomyShopGUI] Disabling EconomyShopGUI v6.9.1
[19:48:48] [Server thread/INFO]: [MythicLib] Disabling MythicLib v1.7
[19:48:48] [Server thread/INFO]: [MythicCrucible] Disabling MythicCrucible v2.2.0-SNAPSHOT
[19:48:48] [Server thread/INFO]: [Chunky] Disabling Chunky v1.4.28
[19:48:48] [Server thread/INFO]: [ConsoleSpamFix] Disabling ConsoleSpamFix v1.10.0
[19:48:48] [Server thread/INFO]: [ConsoleSpamFix] Messages hidden since the server started: 0
[19:48:48] [Server thread/INFO]: [ConsoleSpamFix] ConsoleSpamFix is disabled!
[19:48:48] [Server thread/INFO]: [Shopkeepers] Disabling Shopkeepers v2.24.0
[19:48:48] [Server thread/INFO]: [nLogin] Disabling nLogin v10.4.27
[19:48:48] [Server thread/INFO]: [nLogin] Successful plugin core shutdown (took 0.00s)
[19:48:48] [Server thread/INFO]: [Quests] Disabling Quests v3.15.2-b216e2b
[19:48:48] [Server thread/INFO]: [Craftorithm] Disabling Craftorithm v1.10.22-20251003
[19:48:48] [Server thread/INFO]: [XConomy] Disabling XConomy v2.26.3
[19:48:48] [Server thread/INFO]: [XConomy] XConomy successfully disabled
[19:48:48] [Server thread/INFO]: [EssentialsSpawn] Disabling EssentialsSpawn v2.21.0-dev+149-424816e
[19:48:48] [Server thread/INFO]: [DeluxeMenus] Disabling DeluxeMenus v1.14.1-Release
[19:48:48] [Server thread/INFO]: [DecentHolograms] Disabling DecentHolograms v2.9.8
[19:48:48] [Server thread/INFO]: [MCPets] Disabling MCPets v4.1.5-SNAPSHOT
[19:48:48] [Server thread/INFO]: -=-=-=-= MCPets disabled =-=-=-=-
[19:48:48] [Server thread/INFO]:           See you soon           
[19:48:48] [Server thread/INFO]: -=-=-=-= -=-=-=-=-=-=-=- =-=-=-=-
[19:48:48] [Server thread/INFO]: [LightTheNight] Disabling LightTheNight v1.0.1
[19:48:48] [Server thread/INFO]: [MyCommand] Disabling MyCommand v5.7.4
[19:48:48] [Server thread/INFO]: *-=-=-=-=-=-=-=-=-* MyCommand v.5.7.4*-=-=-=-=-=-=-=-=-=-*
[19:48:48] [Server thread/INFO]: | Tasks : Stopped all tasks.
[19:48:48] [Server thread/INFO]: *-=-=-=-=-=-=-=-=-=-*    Bye!   *-=-=-=-=-=-=-=-=-=-=-*
[19:48:48] [Server thread/INFO]: [ajLeaderboards] Disabling ajLeaderboards v2.10.1
[19:48:48] [pool-80-thread-1/INFO]: [ajLeaderboards] Shutting down cache method..
[19:48:48] [pool-80-thread-1/INFO]: [ajLeaderboards] Cache method shut down
[19:48:48] [Server thread/INFO]: [ajLeaderboards] Killing remaining workers
[19:48:48] [Server thread/INFO]: [ajLeaderboards] Remaining workers killed
[19:48:48] [Server thread/INFO]: [ajLeaderboards] ajLeaderboards v2.10.1 disabled.
[19:48:48] [Server thread/INFO]: [CMILib] Disabling CMILib v1.5.2.3
[19:48:48] [Server thread/INFO]: [TAB] Disabling TAB v5.0.3
[19:48:48] [Server thread/INFO]: [TAB] Disabled in 1ms
[19:48:48] [Server thread/INFO]: [WorldGuardEvents] Disabling WorldGuardEvents v1.18.1
[19:48:48] [Server thread/INFO]: [EssentialsChat] Disabling EssentialsChat v2.21.0-dev+149-424816e
[19:48:48] [Server thread/INFO]: [ShopGUIPlus] Disabling ShopGUIPlus v1.101.1
[19:48:48] [Server thread/INFO]: [SkinsRestorer] Disabling SkinsRestorer v15.10.0
[19:48:48] [Server thread/INFO]: [ItemsAdder] Disabling ItemsAdder v4.0.15
[19:48:48] [Server thread/INFO]: [Orebfuscator] Disabling Orebfuscator v5.5.1
[19:48:48] [Server thread/INFO]: [ModelEngine] Disabling ModelEngine vR4.0.7
[19:48:48] [Server thread/INFO]: [Essentials] Disabling Essentials v2.21.0-dev+149-424816e
[19:48:48] [Server thread/INFO]: [Vault] [Economy] Essentials Economy unhooked.
[19:48:48] [Server thread/INFO]: [ProtocolLib] Disabling ProtocolLib v5.4.0
[19:48:48] [Server thread/INFO]: [MythicMobs] Disabling MythicMobs v5.10.0-${CI_COMMIT_SHORT_SHA}
[19:48:48] [Server thread/INFO]: [MythicMobs] ------------------------------------------------------------
[19:48:48] [Server thread/INFO]: [MythicMobs] - 
[19:48:48] [Server thread/INFO]: [MythicMobs] - Unloading Mythic...
[19:48:48] [Server thread/INFO]: [MythicMobs] - 
[19:48:48] [Server thread/INFO]: [MythicMobs] ------------------------------------------------------------
[19:48:48] [Server thread/INFO]: [MythicMobs] - Spawners saved and unloaded...
[19:48:48] [Server thread/INFO]: [MythicMobs] - Mobs saved and unloaded...
[19:48:48] [Server thread/INFO]: [MythicMobs] Saving plugin data...
[19:48:48] [Server thread/INFO]: [MythicMobs] ✓Saving Finished
[19:48:48] [Server thread/INFO]: [MythicMobs] - Variables saved...
[19:48:48] [Server thread/INFO]: [MythicMobs] - All active settings have been saved!
[19:48:48] [Server thread/INFO]: [MythicMobs] - Mythic has been unloaded!
[19:48:48] [Server thread/INFO]: [MythicMobs] ------------------------------------------------------------
[19:48:48] [Server thread/INFO]: [MythicMobs] Saving plugin data...
[19:48:48] [Server thread/INFO]: [MythicMobs] ✓Saving Finished
[19:48:48] [Server thread/INFO]: [PlaceholderAPI] Disabling PlaceholderAPI v2.11.6
[19:48:48] [Server thread/INFO]: [Multiverse-Core] Disabling Multiverse-Core v4.3.14
[19:48:48] [Server thread/INFO]: [WorldGuard] Disabling WorldGuard v7.0.12+829a4a4
[19:48:48] [Server thread/INFO]: [WorldGuard] Shutting down executor and cancelling any pending tasks...
[19:48:48] [Server thread/INFO]: [WorldEdit] Disabling WorldEdit v7.3.9+6959-7adf70b
[19:48:48] [Server thread/INFO]: Unregistering com.sk89q.worldedit.bukkit.BukkitServerInterface from WorldEdit
[19:48:48] [Server thread/INFO]: [Vault] Disabling Vault v1.7.3-b131
[19:48:48] [Server thread/INFO]: [LuckPerms] Disabling LuckPerms v5.4.131
[19:48:48] [Server thread/INFO]: [LuckPerms] Starting shutdown process...
[19:48:48] [Server thread/INFO]: [LuckPerms] Closing storage...
[19:48:48] [Server thread/INFO]: [LuckPerms] Goodbye!
[19:48:48] [Server thread/INFO]: Saving players
[19:48:48] [Server thread/INFO]: Saving worlds
[19:48:48] [Server thread/INFO]: Saving chunks for level 'ServerLevel[world]'/minecraft:overworld
[19:48:48] [Server thread/INFO]: [ChunkHolderManager] Waiting 60s for chunk system to halt for world 'world'
[19:48:48] [Server thread/INFO]: [ChunkHolderManager] Halted chunk system for world 'world'
[19:48:48] [Server thread/INFO]: [ChunkHolderManager] Saving all chunkholders for world 'world'
[19:48:48] [Server thread/INFO]: [ChunkHolderManager] Saved 14 block chunks, 86 entity chunks, 0 poi chunks in world 'world' in 0.05s
[19:48:48] [Server thread/INFO]: Saving chunks for level 'ServerLevel[world_nether]'/minecraft:the_nether
[19:48:48] [Server thread/INFO]: [ChunkHolderManager] Waiting 60s for chunk system to halt for world 'world_nether'
[19:48:48] [Server thread/INFO]: [ChunkHolderManager] Halted chunk system for world 'world_nether'
[19:48:48] [Server thread/INFO]: [ChunkHolderManager] Saving all chunkholders for world 'world_nether'
[19:48:48] [Server thread/INFO]: [ChunkHolderManager] Saved 0 block chunks, 0 entity chunks, 0 poi chunks in world 'world_nether' in 0.00s
[19:48:48] [Server thread/INFO]: Saving chunks for level 'ServerLevel[world_the_end]'/minecraft:the_end
[19:48:48] [Server thread/INFO]: [ChunkHolderManager] Waiting 60s for chunk system to halt for world 'world_the_end'
[19:48:48] [Server thread/INFO]: [ChunkHolderManager] Halted chunk system for world 'world_the_end'
[19:48:48] [Server thread/INFO]: [ChunkHolderManager] Saving all chunkholders for world 'world_the_end'
[19:48:48] [Server thread/INFO]: [ChunkHolderManager] Saved 0 block chunks, 0 entity chunks, 0 poi chunks in world 'world_the_end' in 0.00s
[19:48:48] [Server thread/INFO]: Saving chunks for level 'ServerLevel[Athenia]'/minecraft:athenia
[19:48:48] [Server thread/INFO]: [ChunkHolderManager] Waiting 60s for chunk system to halt for world 'Athenia'
[19:48:48] [Server thread/INFO]: [ChunkHolderManager] Halted chunk system for world 'Athenia'
[19:48:48] [Server thread/INFO]: [ChunkHolderManager] Saving all chunkholders for world 'Athenia'
[19:48:48] [Server thread/INFO]: [ChunkHolderManager] Saved 0 block chunks, 38 entity chunks, 0 poi chunks in world 'Athenia' in 0.01s
[19:48:48] [Server thread/INFO]: ThreadedAnvilChunkStorage (world): All chunks are saved
[19:48:48] [Server thread/INFO]: ThreadedAnvilChunkStorage (DIM-1): All chunks are saved
[19:48:48] [Server thread/INFO]: ThreadedAnvilChunkStorage (DIM1): All chunks are saved
[19:48:48] [Server thread/INFO]: ThreadedAnvilChunkStorage (Athenia): All chunks are saved
[19:48:48] [Server thread/INFO]: ThreadedAnvilChunkStorage: All dimensions are saved
